ROSENBRIDGE DIGITAL,Decentralized Funding platform,https://docs.wixstatic.com/ugd/76fdf0_00a12522a2d845749fcbc7171b4a838a.pdf,*https://www.facebook.com/RosenbridgeDigital-1924427281160374/*https://www.linkedin.com/groups/13541335*https://twitter.com/RdcrDigital
ANACOIN,Cryptocurrency for Peace,https://docs.wixstatic.com/ugd/76fdf0_00a12522a2d845749fcbc7171b4a838a.pdf,*https://bitcointalk.org/index.php?topic=2050079*https://medium.com/ananas-blog*https://www.facebook.com/ANA.anacoin*https://slack.anacoin.io/*https://twitter.com/ANA_Anacoin
Baobab,New Kind of Marketplace,https://docs.wixstatic.com/ugd/76fdf0_00a12522a2d845749fcbc7171b4a838a.pdf,*https://medium.com/the-baobab-market*https://github.com/TeamBaobab*https://www.reddit.com/r/BaobabMarket/*https://join.slack.com/t/thebaobabmarket/shared_invite/MjE3MTUyNTg5OTU4LTE1MDA2OTE3OTEtOTJiMmQwNjUwYw*https://twitter.com/thebaobabteam*https://t.me/baobabcrypto
Swarm Fund,The world's first cooperative ownership platform that bridges digital currency and real assets.,https://docs.wixstatic.com/ugd/76fdf0_00a12522a2d845749fcbc7171b4a838a.pdf,*https://swarm.fund/blog/*https://www.linkedin.com/company-beta/5229919/*https://github.com/swarmfund*https://swarmnetworkgroup.slack.com/join/shared_invite/MjIzOTM2OTg5OTU3LTE1MDIyMTA5MDAtNzlmNjVkNWMyOA*https://twitter.com/theswarmfund*https://t.me/joinchat/AAAAAEMPAz9QWYGPz4dDkA
Power Ledger,Decentralized Electricity P2P Community Trading Platform,https://docs.wixstatic.com/ugd/76fdf0_00a12522a2d845749fcbc7171b4a838a.pdf,*https://bitcointalk.org/index.php?topic=2003922.0*https://medium.com/power-ledger*https://www.facebook.com/powerledger*https://www.linkedin.com/company-beta/10675936*https://www.reddit.com/r/icocrypto/comments/6mr791/power_ledger_token_sale_powr/*https://slack.powerledger.io/*https://twitter.com/PowerLedger_io*https://t.me/joinchat/Gop-90DIMiPF7N_EtvFzjA
Belrium,?ryptoexchange,https://docs.wixstatic.com/ugd/76fdf0_00a12522a2d845749fcbc7171b4a838a.pdf,*https://belfrics.com/blog/*https://www.facebook.com/Belfrics/*https://www.linkedin.com/company/atriol-uk-limited?trk=biz-companies-cym*https://twitter.com/Belfrics
Crystal Clear,join the REVOLUTION in offline local services,https://docs.wixstatic.com/ugd/76fdf0_00a12522a2d845749fcbc7171b4a838a.pdf,*https://bitcointalk.org/index.php?topic=2046788.0*https://steemit.com/@crysser*https://www.facebook.com/CCSer/*https://github.com/CrystalClearS*https://join.slack.com/t/crystalclears/shared_invite/MjI3MDQ2MTM4NDU0LTE1MDI3MDA5ODUtMWQyMDFkZmFjZQ*https://twitter.com/CCS_Crystal*https://t.me/CCS_ENG
injoin,A sharing ecosystem,https://docs.wixstatic.com/ugd/76fdf0_00a12522a2d845749fcbc7171b4a838a.pdf,*https://medium.com/@injoin_in*https://www.reddit.com/user/injoin/*https://injoin-in.slack.com/*https://twitter.com/injoin_in*https://www.youtube.com/channel/UC1fFn_S3fajF4AKNKWC9-Lg
Scrypto,Cryptocurrency social network with the support of all cryptocurrencies,https://docs.wixstatic.com/ugd/76fdf0_00a12522a2d845749fcbc7171b4a838a.pdf,*https://bitcointalk.org/index.php?topic=2076237.0
RadioYo,Decentralized Ecosystem for Podcasters, Online broadcasters, independent media and online publishers,https://docs.wixstatic.com/ugd/76fdf0_00a12522a2d845749fcbc7171b4a838a.pdf,*https://medium.com/@RadioYoFM*https://www.reddit.com/r/RadioYo/*https://radioyo.slack.com/radioyo.slack.com*https://twitter.com/radioyofm
Ethino,Ethereum-based Casino,https://docs.wixstatic.com/ugd/76fdf0_00a12522a2d845749fcbc7171b4a838a.pdf,*https://medium.com/@Ethino_Casino*https://www.reddit.com/r/ethino/*https://twitter.com/Ethino_Casino
REcoin,Cryptocurrency alternative designed to accommodate financial transactions and investment goal,https://docs.wixstatic.com/ugd/76fdf0_00a12522a2d845749fcbc7171b4a838a.pdf,*https://bitcointalk.org/index.php?topic=2014062.0*https://www.facebook.com/101RECoin/*https://www.reddit.com/r/REcoin/*https://twitter.com/101REcoin
Diamond Reserve Club,The Business Club with multilevel membership and unique benefits,https://docs.wixstatic.com/ugd/76fdf0_00a12522a2d845749fcbc7171b4a838a.pdf,*https://www.facebook.com/DRC-800277530031834/*https://www.linkedin.com/*https://www.reddit.com/r/DRCWorld/*https://twitter.com/drc_world
HealPoint.io,Blockchain-based healthcare platform delivering a second opinion consensus from multiple experts,https://docs.wixstatic.com/ugd/76fdf0_00a12522a2d845749fcbc7171b4a838a.pdf,*https://www.facebook.com/HealPoint.io/*https://healpointio.slack.com/*https://twitter.com/@HealPoint_io
Gold Mine,Gold, copper and emerald mine,https://docs.wixstatic.com/ugd/76fdf0_00a12522a2d845749fcbc7171b4a838a.pdf,*https://bitcointalk.org/index.php?topic=2165961*https://www.reddit.com/r/GoldMineToken/*https://t.me/gmtico
GAT Token,The social, eCommerce, and professional network with its own token for the netwok's transactions,https://docs.wixstatic.com/ugd/76fdf0_00a12522a2d845749fcbc7171b4a838a.pdf,*https://www.facebook.com/ournetinternational/*https://github.com/ournetinternational*https://twitter.com/OurNet_Oficial
LAToken,Tokenize and trade real assets via crypto,https://docs.wixstatic.com/ugd/76fdf0_00a12522a2d845749fcbc7171b4a838a.pdf,*https://blog.latoken.com/*https://www.facebook.com/LiquidAssetTOken/*http://latoken.herokuapp.com/*https://twitter.com/LATOkens*https://t.me/latoken
Sun Multiwallet,Free multiwallet for Windows, Mac, Linux, Android, iOS, hardware wallet,https://docs.wixstatic.com/ugd/76fdf0_00a12522a2d845749fcbc7171b4a838a.pdf,
Blackmoon Crypto,The one-stop solution to create and manage tokenised investment funds.,https://docs.wixstatic.com/ugd/76fdf0_00a12522a2d845749fcbc7171b4a838a.pdf,*https://bitcointalk.org/index.php?topic=2075919.0*https://medium.com/blackmoon-crypto*https://www.facebook.com/blackmoonfg/*https://github.com/blackmoonfg*https://www.linkedin.com/company/9459630/*https://www.reddit.com/r/BlackMoonCrypto/*https://blackmooncrypto.herokuapp.com/*https://twitter.com/BlackmoonFG*https://t.me/blackmooncrypto
PlusCoin Token,Ethereum-based token issued by Metaps Plus who is the market Korean leader in mobile FinTech,https://docs.wixstatic.com/ugd/76fdf0_00a12522a2d845749fcbc7171b4a838a.pdf,*https://www.facebook.com/metapspluscoin/*https://github.com/Onther-Tech/pluscoin-crowdsale*https://pluscoin-shared-invitation.herokuapp.com/*https://twitter.com/PlusCoin*https://t.me/PlusCoinEnglish
BitFlip,Token with support by new cryptocurrency exchange,https://docs.wixstatic.com/ugd/76fdf0_00a12522a2d845749fcbc7171b4a838a.pdf,*https://facebook.com/bitflipcc*https://twitter.com/bitflipcc*https://t.me/bitflip
DomRaider,Decentralized Blockchain Auctions in Real-Time,https://docs.wixstatic.com/ugd/76fdf0_00a12522a2d845749fcbc7171b4a838a.pdf,*https://bitcointalk.org/index.php?topic=2132588.msg21314814#msg21314814*https://medium.com/@domraider*https://www.facebook.com/Domraider-1432606216988548*https://www.linkedin.com/company-beta/10805751/*https://twitter.com/domraider*https://www.youtube.com/channel/UCYP056kilSSZKIDiLPeXozg*https://t.me/DomraiderICO
Enigma,A machine-based investing platform and infrastructure for crypto-assets,https://docs.wixstatic.com/ugd/76fdf0_00a12522a2d845749fcbc7171b4a838a.pdf,*https://bitcointalk.org/index.php?topic=2052215.new#new*https://blog.enigma.co/*https://www.facebook.com/enigmacatalyst/*https://www.reddit.com/r/enigmacatalyst/*https://enigmacatalyst.slack.com/stats*https://twitter.com/enigmaMPC
EtherSportz,Ethereum-based eSports tournament platform for popular games,https://docs.wixstatic.com/ugd/76fdf0_00a12522a2d845749fcbc7171b4a838a.pdf,*http://facebook.com/EtherSportz*https://www.linkedin.com/company-beta/24782768*https://www.reddit.com/user/ethersportz*http://twitter.com/EtherSportz
MyWill,Decentralized platform for Crypto fund management in various life circumstances,https://docs.wixstatic.com/ugd/76fdf0_00a12522a2d845749fcbc7171b4a838a.pdf,*https://bitcointalk.org/index.php?topic=2059189.0*https://medium.com/@VladimirTikhomirov/*https://www.facebook.com/MyWillPlatform/*https://github.com/Lastwill-project*https://mywillteam.slack.com/join/shared_invite/MjIwNDM4OTE2MzcxLTE1MDE1OTUxMDgtZGY3MWZjYjEyMg*https://twitter.com/mywillplatform*https://t.me/Lastwill_EN
Etch,Ethereum-based payments system that allows for real-time employee payments,https://docs.wixstatic.com/ugd/76fdf0_00a12522a2d845749fcbc7171b4a838a.pdf,*https://www.facebook.com/etchwork1/*https://github.com/etch-work/reward-token*https://twitter.com/etch_work
bitJob,Decentralized Marketplace for Student Employment,https://docs.wixstatic.com/ugd/76fdf0_00a12522a2d845749fcbc7171b4a838a.pdf,*https://bitcointalk.org/index.php?topic=1980078.msg19714383#msg19714383*https://medium.com/bitjob*https://www.facebook.com/bitJobmarket/*https://github.com/bitjobteam?tab=repositories*https://www.linkedin.com/company-beta/18013385/*https://bitjob-slack-invite.herokuapp.com/*https://twitter.com/BitJob_Team*https://t.me/bitjob
Smartlands,Tokenization Platform for Agricultural Assets,https://docs.wixstatic.com/ugd/76fdf0_00a12522a2d845749fcbc7171b4a838a.pdf,*https://bitcointalk.org/index.php?topic=2157763.msg21594571#msg21594571*https://medium.com/@smartlands*https://www.facebook.com/SmartlandsPlatform/*https://github.com/Smartlands-Platform/SLT*https://smartlands.herokuapp.com/*https://twitter.com/smartlands*https://t.me/smartlandschat
Datum,Datum is a decentralized and distributed high performance NOSQL database,https://docs.wixstatic.com/ugd/76fdf0_00a12522a2d845749fcbc7171b4a838a.pdf,*http://fb.me/datumnetwork*https://datumnetwork.slack.com/shared_invite/MjA3MTgwMTI4ODAwLTE0OTkyMTUwNjYtZWQyZmNjNTZmNw*https://twitter.com/datumnetwork
ZONTO,ZONTO is a complex of software products, services and technologies aggregated in a single platform.,https://docs.wixstatic.com/ugd/76fdf0_00a12522a2d845749fcbc7171b4a838a.pdf,*https://bitcointalk.org/index.php?topic=2073582*https://steemit.com/@zonto.world*https://www.facebook.com/ZONTO.WORLD*https://www.linkedin.com/company/24996097/*https://zonto-ico.slack.com/*https://twitter.com/zonto_world*https://www.youtube.com/channel/UC568MN3IA8Z6-RJicLM9dDA*https://icotracker.net/t.me/icozonto
Ties.Network,Business platform backed by smart-contracts,https://docs.wixstatic.com/ugd/76fdf0_00a12522a2d845749fcbc7171b4a838a.pdf,*https://bitcointalk.org/index.php?topic=2071592*https://blog.ties.network/*https://www.facebook.com/tiesdb*https://github.com/tiesnetwork*https://reddit.com/r/tiesnetwork*https://join.slack.com/tiesnetwork/shared_invite/MTk4OTI3ODc4OTE0LTE0OTc2MjAxNDgtM2NiMDU5ZmZkOA*https://twitter.com/tiesnetwork*https://t.me/tiesnetwork
Estate Coin,House that mine coins,https://docs.wixstatic.com/ugd/76fdf0_00a12522a2d845749fcbc7171b4a838a.pdf,
Cindicator,Hybrid Intelligence for Effective Asset Management,https://docs.wixstatic.com/ugd/76fdf0_00a12522a2d845749fcbc7171b4a838a.pdf,*https://bitcointalk.org/index.php?topic=2062875*https://medium.com/@Cindicator*https://www.facebook.com/crowdindicator*https://github.com/cindicator*https://www.reddit.com/r/Cindicator*https://join.slack.com/t/cindicator-community/shared_invite/MjE5MDg2NzI5Mjg2LTE1MDExMDQzNTUtZjU4ZWRjNDlkNw*https://twitter.com/crowd_indicator*https://t.me/joinchat/Auw2EkPZyOrijWvpwVUoQA
Anryze,Speech Recognition Platform with Distributed Computing Network,https://docs.wixstatic.com/ugd/76fdf0_00a12522a2d845749fcbc7171b4a838a.pdf,*https://bitcointalk.org/index.php?topic=1968881.0*https://www.facebook.com/anryze/*https://www.linkedin.com/company-beta/11065672/*https://join.slack.com/anryze/shared_invite/MTk2MjY2MDU0NzUzLTE0OTczNDU2ODItZDdhNDY3ZjNjYQ*https://twitter.com/anryze*https://telegram.me/anryze
CamOnRoad,The Worldwide Decentralized Real Time Video Logging System,https://docs.wixstatic.com/ugd/76fdf0_00a12522a2d845749fcbc7171b4a838a.pdf,*https://www.facebook.com/camonroad/*https://github.com/camonroad*https://twitter.com/ovich_german*https://t.me/camonroad
Siousada,A Travel Portal for Crypto Community,https://docs.wixstatic.com/ugd/76fdf0_00a12522a2d845749fcbc7171b4a838a.pdf,*http://bit.ly/2gZ6jWC*https://www.facebook.com/siousada*http://bit.ly/2w5uyta*https://twitter.com/siousada*http://bit.ly/2wYkCi7
PROVIDENCE,Crypto Casino & Resort,https://docs.wixstatic.com/ugd/76fdf0_00a12522a2d845749fcbc7171b4a838a.pdf,*https://medium.com/@providence.casino*https://www.facebook.com/ProvidenceCryptoCasino/?fref=ts*https://www.reddit.com/r/providence_casino/*https://join.slack.com/t/providence-resort/shared_invite/enQtMjQyMjkzMjEyMDg0LWFkZDgwNmMyMWU2NDJhMDU3YzNmNGZhZTEwNGNiYjAwZWZjNWU2NzQxNWI3NzU3YmQzNTI0YTM2NmM1OTA0ZjQ*https://twitter.com/cashlesscasino*https://t.me/providencecasino
Hash Rush,Hash-powered browser game,https://docs.wixstatic.com/ugd/76fdf0_00a12522a2d845749fcbc7171b4a838a.pdf,*https://bitcointalk.org/index.php?topic=2051904.0;all*https://medium.com/@Hash_Rush*https://www.facebook.com/HashRushGame/*https://www.reddit.com/user/Hash_Rush/*https://hashrush.slack.com/*https://www.twitter.com/HashRushGame/
HIPE,ecosystem for personal and business interaction (application with an open API and a constructor),https://docs.wixstatic.com/ugd/76fdf0_00a12522a2d845749fcbc7171b4a838a.pdf,*https://bitcointalk.org/index.php?topic=2201178*https://www.facebook.com/HIPE-119387808799438/*https://twitter.com/HIPE_ico*https://www.youtube.com/channel/UCiZiJchPossfXMC5aUpCICQ/videos*https://t.me/hipe_ico
Matryx,Decentralized Collaboration and Innovation,https://docs.wixstatic.com/ugd/76fdf0_00a12522a2d845749fcbc7171b4a838a.pdf,*https://icotracker.net/blog.matryx.ai*https://www.facebook.com/matryxai/*https://www.linkedin.com/company/11238967/*https://twitter.com/matryx_ai*https://t.me/matryxai
HERO,Decentralized betting token that rewards players, game creators and the community,https://docs.wixstatic.com/ugd/76fdf0_00a12522a2d845749fcbc7171b4a838a.pdf,*https://bitcointalk.org/index.php?topic=2116864.msg21169697#msg21169697*https://www.facebook.com/HEROcoinio/*https://www.reddit.com/r/HEROcoin/*https://join.slack.com/t/herocoin/shared_invite/MjMxMzUyNzM4MzM4LTE1MDM1OTc3NjEtZmJkNmE4NGY0MA*https://twitter.com/HEROcoinio*https://t.me/joinchat/FsEwOwtrCZMWwHokEj70Gw
Starbase,Crowdfunding platform,https://docs.wixstatic.com/ugd/76fdf0_00a12522a2d845749fcbc7171b4a838a.pdf,*https://bitcointalk.org/index.php?topic=1779533.0*https://blog.starbase.co/*https://www.facebook.com/Starbase-1670679649909123/*https://github.com/starbaseco*https://www.linkedin.com/company/starbaseco*https://slack.starbase.co/*http://twitter.com/starbaseco
KexCoin,Blockchain Enabled Student Property Project For All,https://docs.wixstatic.com/ugd/76fdf0_00a12522a2d845749fcbc7171b4a838a.pdf,*https://bitcointalk.org/*https://www.facebook.com/Kexcoin-117938462165147/*https://twitter.com/kexcoinofficial*https://t.me/joinchat/CHwvZEHIZ2FIfDHhm6UAdQ
Authoreon,Authorization, Authentication, Verification & Certification in a decentralized network,https://docs.wixstatic.com/ugd/76fdf0_00a12522a2d845749fcbc7171b4a838a.pdf,*https://bitcointalk.org/index.php?topic=2066973.msg20633164*https://www.facebook.com/Authoreonio-872820659537598/*https://www.linkedin.com/company-beta/18175393/*https://www.reddit.com/r/Authoreon/*http://www.slack.authoreon.io/*https://twitter.com/Authoreonio*https://t.me/authoreonio
X8currency,Cryptocurrency,https://docs.wixstatic.com/ugd/76fdf0_00a12522a2d845749fcbc7171b4a838a.pdf,*https://medium.com/x8currency*https://www.facebook.com/X8currency/*https://icotracker.net/x8currency.slack.com*https://twitter.com/x8currency*https://t.me/x8currency
Tokenlab,Complete ICO Creation and Management Platform,https://docs.wixstatic.com/ugd/76fdf0_00a12522a2d845749fcbc7171b4a838a.pdf,*https://www.facebook.com/TokenLabIO/*https://twitter.com/ExpanseOfficial*https://www.youtube.com/watch?v=lcxJn2DsOq8
Artemine,Self Mining Smart Contract 2.0,https://docs.wixstatic.com/ugd/76fdf0_00a12522a2d845749fcbc7171b4a838a.pdf,*https://bitcointalk.org/index.php?topic=2153950.0*https://twitter.com/arteminetoken*https://t.me/artemine
FlipCoin,Bridging the gap between consumer and crypto,https://docs.wixstatic.com/ugd/76fdf0_00a12522a2d845749fcbc7171b4a838a.pdf,*https://www.facebook.com/coinflipatm/*https://github.com/CoinflipATM/Flipcoin-Sale*https://glacial-harbor-23630.herokuapp.com/*https://twitter.com/coinflipatm
Lewt,Software introduces a technology that allows for any HTML element to be monetized,https://docs.wixstatic.com/ugd/76fdf0_00a12522a2d845749fcbc7171b4a838a.pdf,*http://fb.me/getlewt*http://getlewt.slack.com/*https://twitter.com/getlewt
MEMTUM,Memorial records on blockchain,https://docs.wixstatic.com/ugd/76fdf0_00a12522a2d845749fcbc7171b4a838a.pdf,
Rich Coin,Ultra Deflationary Coin With Continuous Initial Coin Offerings,https://docs.wixstatic.com/ugd/76fdf0_00a12522a2d845749fcbc7171b4a838a.pdf,*https://www.facebook.com/RICH-Coin-1795576847154278/*https://rich-coin.slack.com/*https://twitter.com/richcoin_io
TriForce Tokens,Multiple gaming platforms offering player-to-player trading,https://docs.wixstatic.com/ugd/76fdf0_00a12522a2d845749fcbc7171b4a838a.pdf,*https://www.facebook.com/triforcetokens*https://triforcetokens.io/slack-invite*https://twitter.com/triforcetokens
DLS Academy,Decentralized Learning System,https://docs.wixstatic.com/ugd/76fdf0_00a12522a2d845749fcbc7171b4a838a.pdf,*https://medium.com/@DLS_Academy*https://www.facebook.com/DLS-Academy-861541437336551/*https://github.com/DLS-Academy/contracts*https://www.reddit.com/r/DLS_Academy/*https://twitter.com/DLS_Academy*http://t.me/joinchat/GYUbzERK1iik1u5pwRf2MA
Horyzon,Decentralized crowd mapping platform which will combine skills of individual people,https://docs.wixstatic.com/ugd/76fdf0_00a12522a2d845749fcbc7171b4a838a.pdf,*https://bitcointalk.org/index.php?topic=2044174*https://join.slack.com/t/horyzon-one/shared_invite/MjE2NzEzNTIwNzIzLTE1MDA5MDQyMjUtMTdiYzhkNWI0NQ*https://twitter.com/horyzon_one
BitClave,Decentralized Search,https://docs.wixstatic.com/ugd/76fdf0_00a12522a2d845749fcbc7171b4a838a.pdf,*https://bitcointalk.org/index.php?topic=2005370*https://medium.com/@BitClave*https://www.facebook.com/bitclave*https://www.linkedin.com/company-beta/6399312/*http://slack-bitclave-com.herokuapp.com/*https://twitter.com/bitclave*https://www.youtube.com/channel/UCtibs4mNHqbPn-NGnFtK6yg*https://t.me/BitClaveCommunity
IMMLA,Decentralized Online Service Of Multimodal Transportation,https://docs.wixstatic.com/ugd/76fdf0_00a12522a2d845749fcbc7171b4a838a.pdf,*https://bitcointalk.org/index.php?topic=2007562.0*https://www.facebook.com/immlaio/*https://github.com/IMMLA*https://www.reddit.com/user/-IMMLA-*https://immlateam.slack.com/messages/@slackbot/*https://twitter.com/IMMLA_io*https://t.me/immlacommunity
QuickBetCoin,Decentralized sports betting platform,https://docs.wixstatic.com/ugd/76fdf0_00a12522a2d845749fcbc7171b4a838a.pdf,*https://www.facebook.com/quickbetcoin/*https://www.reddit.com/r/QuickBetCoin/*https://qbc-invite.herokuapp.com/*https://twitter.com/QuickBetCoin
Hedge Token,Smart investors don't risk, they hedge,https://docs.wixstatic.com/ugd/76fdf0_00a12522a2d845749fcbc7171b4a838a.pdf,*https://bitcointalk.org/index.php?topic=2142867.new#new*https://medium.com/@hedgetoken*https://www.facebook.com/hedgetoken/*https://github.com/HedgeToken/Hedge-Token*https://www.linkedin.com/company-beta/18218071*https://www.reddit.com/r/HedgeToken/*https://www.hedge-crypto.com/slack/*https://twitter.com/hedgetoken
PARAGON,Decentralized Legalize Autonomous Organization,https://docs.wixstatic.com/ugd/76fdf0_00a12522a2d845749fcbc7171b4a838a.pdf,*https://medium.com/@paragoncoin*https://www.facebook.com/Paragon-Coin-1894608554121003/*https://www.linkedin.com/company/paragoncoin*https://www.reddit.com/r/ParagonCoin/*http://paragoncoin.com/slack*https://twitter.com/paragoncoin*https://t.me/joinchat/Clv-u0IXuCq2B0xvCIlRXw
Proemtheus,Decentralized Email System,https://docs.wixstatic.com/ugd/76fdf0_00a12522a2d845749fcbc7171b4a838a.pdf,*https://bitcointalk.org/index.php?topic=2098671*https://medium.com/@andrei_dora*https://www.facebook.com/proemtheus/*https://twitter.com/Proemtheus1/
Deep,Decentralized eternal virtual world based on DPoS tokens,https://docs.wixstatic.com/ugd/76fdf0_00a12522a2d845749fcbc7171b4a838a.pdf,*https://bitcointalk.org/index.php?topic=2168865.0*https://medium.com/@deepgold*https://github.com/deepgold*https://twitter.com/deepgoldnews*https://t.me/deepgold
EvenCoin,Self Mining Smart Contract,https://docs.wixstatic.com/ugd/76fdf0_00a12522a2d845749fcbc7171b4a838a.pdf,*https://bitcointalk.org/index.php?action=profile;u=1123126;sa=statPanel*https://www.facebook.com/EvenCoin-277874659361768/*https://www.reddit.com/user/evencoin/*https://twitter.com/coin_even*https://youtu.be/3DV1lb0--m0
TewTew,Making Cryptocurrencies Mainstream And Resistant To Bans,https://docs.wixstatic.com/ugd/76fdf0_00a12522a2d845749fcbc7171b4a838a.pdf,
GRAFT,Unified Decentralized Payment Processing Network,https://docs.wixstatic.com/ugd/76fdf0_00a12522a2d845749fcbc7171b4a838a.pdf,*https://bitcointalk.org/index.php?topic=2115188*https://www.graft.network/blog/*https://www.facebook.com/Graft-460292407666720/*https://github.com/graft-project*https://www.linkedin.com/company/24791196/*https://www.reddit.com/r/Graft/*https://twitter.com/graftnetwork*https://t.me/joinchat/EneBw0RALAOjkSL2mdt2Gw
Etherparty,Platform enables write smart contracts across multiple blockchains,https://docs.wixstatic.com/ugd/76fdf0_00a12522a2d845749fcbc7171b4a838a.pdf,*https://bitcointalk.org/index.php?topic=2005965.0*https://www.facebook.com/etherparty/*https://github.com/etherparty*https://twitter.com/etherparty_io
BlockV,The foundation of the Virtual Goods Economy,https://docs.wixstatic.com/ugd/76fdf0_00a12522a2d845749fcbc7171b4a838a.pdf,*https://bitcointalk.org/index.php?topic=2181569.msg21882723#msg21882723*https://medium.com/@blockv_io*https://www.facebook.com/blockv.io/*https://github.com/BLOCKvIO/documentation*https://www.reddit.com/r/blockv/*https://twitter.com/blockv_io*https://t.me/block_v
DataBroker DAO,Decentralised Marketplace for IoT sensor data,https://docs.wixstatic.com/ugd/76fdf0_00a12522a2d845749fcbc7171b4a838a.pdf,*https://medium.com/@DataBrokerDAO*https://www.facebook.com/DataBrokerDAO/*https://slack.databrokerdao.com/*https://twitter.com/DataBrokerDAO*https://t.me/databrokerdao
Bitnan,Digital Currency Trading Platform,https://docs.wixstatic.com/ugd/76fdf0_00a12522a2d845749fcbc7171b4a838a.pdf,*https://medium.com/@Bitnan*https://www.facebook.com/Bitnan-344536455976889/*https://github.com/bitnan-exchange*https://twitter.com/Bitnan_Exchange
Change Bank,The First Truly Decentralised Crypto Bank,https://docs.wixstatic.com/ugd/76fdf0_00a12522a2d845749fcbc7171b4a838a.pdf,*https://bitcointalk.org/index.php?topic=2087937.0*https://medium.com/@changebank*https://www.facebook.com/changefinance/*https://www.linkedin.com/company-beta/13190167/*https://join.slack.com/t/coinchange/shared_invite/MjIzMDgxNDQ0OTAwLTE1MDIwOTc5NTQtMWZlYzAxYTlkNA*https://twitter.com/changefinance*https://t.me/joinchat/E7dDX0LwpOolBJ5z2MVSUw
Horizon State,Blockchain-based platform that enables efficient vote casting and decision making processes,https://docs.wixstatic.com/ugd/76fdf0_00a12522a2d845749fcbc7171b4a838a.pdf,*https://www.facebook.com/HorizonState/*https://www.reddit.com/r/HorizonState/*https://join.slack.com/t/decisiontoken/shared_invite/MjM1NzI2NDAzNTY5LTE1MDQ2MDgzNjUtZjg5MGJjNTBjYg*https://twitter.com/horizonstate*https://www.youtube.com/channel/UCnpuPVNY6RkNTaCNq6odOxA
Metalleum,Decentralized cryptocurrency for trading, holding and selling precious metals,https://docs.wixstatic.com/ugd/76fdf0_00a12522a2d845749fcbc7171b4a838a.pdf,
Request Network,A decentralized network for payment requests,https://docs.wixstatic.com/ugd/76fdf0_00a12522a2d845749fcbc7171b4a838a.pdf,*https://blog.request.network/*https://www.facebook.com/Request-Network-140279756554525/*https://github.com/RequestNetwork/*https://www.reddit.com/r/RequestNetwork/*https://request-slack.herokuapp.com/*https://twitter.com/requestnetwork*https://t.me/requestnetwork
kyber.network,The Exchange That the Crypto-space Needs,https://docs.wixstatic.com/ugd/76fdf0_00a12522a2d845749fcbc7171b4a838a.pdf,*https://github.com/kybernetwork*http://slack.kyber.network/*https://twitter.com/kybernetwork*https://t.me/kybernetwork
TensorBit,Machine Learning Powered Blockchain,https://docs.wixstatic.com/ugd/76fdf0_00a12522a2d845749fcbc7171b4a838a.pdf,*https://join.slack.com/t/tensorbit/shared_invite/MjM5NTA2Mzk3MDMxLTE1MDQ4OTYwODYtYjdlZmExNTg1Zg*https://www.twitter.com/TensorBitNet
Sunlight Coin,Charity ICO for orphans,https://docs.wixstatic.com/ugd/76fdf0_00a12522a2d845749fcbc7171b4a838a.pdf,*https://bitcointalk.org/index.php?topic=2178425.new#new*https://www.facebook.com/groups/117587538911692*https://twitter.com/sunlightcoin*https://t.me/joinchat/D_P0BQ3Jq7TNGoDphd3ZXw
SPARTA,Incubator and Accelerator for Tech Sturtups,https://docs.wixstatic.com/ugd/76fdf0_00a12522a2d845749fcbc7171b4a838a.pdf,*https://bitcointalk.org/index.php?topic=2155366.0*https://medium.com/@SpartaICO*https://www.facebook.com/spartastartups/*https://www.linkedin.com/company/sparta-startups*https://www.reddit.com/r/SpartaStartups/*https://twitter.com/spartaico*https://t.me/joinchat/FiHDZw5qhOTmSArzrs42rQ
Bitbase,Escrow Platform,https://docs.wixstatic.com/ugd/76fdf0_00a12522a2d845749fcbc7171b4a838a.pdf,*https://www.facebook.com/yakov.fabrizio*https://twitter.com/BitbaseICO
Flashonomy,A Decentralized Algorithm to short BTC and ETH,https://docs.wixstatic.com/ugd/76fdf0_00a12522a2d845749fcbc7171b4a838a.pdf,*https://medium.com/@Flashonomy
SAND COIN,Blockchain derivative based on a real product,https://docs.wixstatic.com/ugd/76fdf0_00a12522a2d845749fcbc7171b4a838a.pdf,*https://www.facebook.com/SandCoinICO*https://github.com/sndtoken/ico*https://twitter.com/ruslanyocto*https://t.me/sandcoinru
Winding Tree,Decentralizing Oligopolistic Travel Industry,https://docs.wixstatic.com/ugd/76fdf0_00a12522a2d845749fcbc7171b4a838a.pdf,*https://bitcointalk.org/index.php?topic=1946065*http://blog.windingtree.com/*https://github.com/windingtree*https://reddit.com/r/windingtree*http://slack.windingtree.com/*https://twitter.com/windingtree*https://t.me/windingtree
AirToken,Mobile internet accessibility using advertising and micro-loans on the blockchain,https://docs.wixstatic.com/ugd/76fdf0_00a12522a2d845749fcbc7171b4a838a.pdf,*https://medium.com/@airfox*https://www.reddit.com/r/AirToken/*https://shielded-mesa-79992.herokuapp.com/*https://twitter.com/airtoken*https://t.me/airfoxico
Storiqa,A marketplace for effective sales in the world of a new digital economy,https://docs.wixstatic.com/ugd/76fdf0_00a12522a2d845749fcbc7171b4a838a.pdf,*https://www.facebook.com/storiqa/*https://www.linkedin.com/showcase/24773372/*https://storiqa-team.slack.com/*https://t.me/storiqa_en
Quantopia Capital Managers,Asset Management Firm,https://docs.wixstatic.com/ugd/76fdf0_00a12522a2d845749fcbc7171b4a838a.pdf,
LUST (SCUM ALERT!!!),Decentralized sex marketplace which helps find their perfect sexual partner anonymously,https://docs.wixstatic.com/ugd/76fdf0_00a12522a2d845749fcbc7171b4a838a.pdf,*https://bitcointalk.org/index.php?topic=2068206.0*https://www.facebook.com/lust.agency.official/*https://www.reddit.com/r/lustagency/*https://twitter.com/lust_agency*https://t.me/joinchat/FiB3R0Hi7Eb6-mTirf3vRQ
Digi Token,Blockchain-based Digital Goods,https://docs.wixstatic.com/ugd/76fdf0_00a12522a2d845749fcbc7171b4a838a.pdf,*https://twitter.com/DigiToken
LEAP,Decentralized foundation backing GameLeap, pro players, pro teams, and game developers,https://docs.wixstatic.com/ugd/76fdf0_00a12522a2d845749fcbc7171b4a838a.pdf,*https://leapico.herokuapp.com/*https://t.me/leapico
ChainLink,Secure Blockchain Middleware,https://docs.wixstatic.com/ugd/76fdf0_00a12522a2d845749fcbc7171b4a838a.pdf,
SynchroLife,Decentralized Restaurant Recommendation Platform,https://docs.wixstatic.com/ugd/76fdf0_00a12522a2d845749fcbc7171b4a838a.pdf,*https://www.facebook.com/synchrocoin/*https://synchrolife-slackin.herokuapp.com/*https://twitter.com/synchrocoin
Goldmint,Blockchain based platform which operates gold-backed crypto assets GOLD,https://docs.wixstatic.com/ugd/76fdf0_00a12522a2d845749fcbc7171b4a838a.pdf,*https://bitcointalk.org/index.php?topic=2091726.0*https://blog.goldmint.io/*https://www.facebook.com/goldmint.io*https://github.com/Goldmint*https://reddit.com/r/goldmintio*https://twitter.com/goldmint_io*https://t.me/goldmintio
VuePay,Platform to deliver Ad revenue share using smart Ad prediction on Ethereum,https://docs.wixstatic.com/ugd/76fdf0_00a12522a2d845749fcbc7171b4a838a.pdf,*https://www.facebook.com/VuePayICO*https://www.linkedin.com/company-beta/13396593/*https://www.reddit.com/r/NewICOs/comments/6p42yf/vuepay_is_a_digital_platform_which_runs_on_the/*https://vuepayteam.slack.com/messages/@slackbot/*https://twitter.com/vuepay/
WIRE-X,Decentralized Custom Mapping Service,https://docs.wixstatic.com/ugd/76fdf0_00a12522a2d845749fcbc7171b4a838a.pdf,*https://icotracker.net/www.twitter.com/wirexofficial*https://t.me/joinchat/GfxkXkDn6Y5-ef7DfwHEoQ
Live Stars,Adult Streaming Platform,https://docs.wixstatic.com/ugd/76fdf0_00a12522a2d845749fcbc7171b4a838a.pdf,*https://bitcointalk.org/index.php?topic=2145150.0*https://medium.com/@LiveStarsIO*https://www.facebook.com/LiveStarsIO/*https://github.com/LiveStars*https://www.reddit.com/r/LiveStarsPlatform/*http://livestars.io/slack*https://twitter.com/LiveStarsIO*https://www.youtube.com/channel/UC0Ehim6a-WfsnEThXSFJPlg*https://t.me/livestarsio
XRONOS,An Aggregator of Cryptocurrency and Blockchain-technologies,https://docs.wixstatic.com/ugd/76fdf0_00a12522a2d845749fcbc7171b4a838a.pdf,*http://bitcointalk.org/index.php?action=profile;u=1090677;sa=summary*http://medium.com/@Xronosspace*http://www.facebook.com/xronos.space*https://twitter.com/Xronosspace*https://t.me/xronos_crypto_currency
Acebusters,Decentralized poker platform,https://docs.wixstatic.com/ugd/76fdf0_00a12522a2d845749fcbc7171b4a838a.pdf,*https://www.facebook.com/acebusters.poker*https://github.com/acebusters*https://twitter.com/ace_busters
Vote Coin,Anonymous cryptocurrency for elections and other voting purposes,https://docs.wixstatic.com/ugd/76fdf0_00a12522a2d845749fcbc7171b4a838a.pdf,*https://www.facebook.com/votecoin*https://github.com/Tomas-M/VoteCoin*https://twitter.com/vote_coin
Hedge.pro,Decentralized platform for insurance against changes in the Crypto currency rates,https://docs.wixstatic.com/ugd/76fdf0_00a12522a2d845749fcbc7171b4a838a.pdf,*https://t.me/joinchat/BsESLEGTM8m-qp5blyMhmA
Cobinhood,Zero Trading Fee Cryptocurrency Exchange,https://docs.wixstatic.com/ugd/76fdf0_00a12522a2d845749fcbc7171b4a838a.pdf,
sexService,Blockchain-based Friendly Sex Dating Service,https://docs.wixstatic.com/ugd/76fdf0_00a12522a2d845749fcbc7171b4a838a.pdf,
Trending.me,Earn TRENDS with your fashion style and attire,https://docs.wixstatic.com/ugd/76fdf0_00a12522a2d845749fcbc7171b4a838a.pdf,*https://bitcointalk.org/index.php?topic=2145532.msg21473046*https://www.facebook.com/TheTrendsCommunity/*https://github.com/trending-me*https://twitter.com/EarnTrends*https://t.me/joinchat/GVbAYg48qWjEGI7nsc1KVQ
Eggs Datacenter,The Distributed Data Center for cheap remote workspaces and internet connection,https://docs.wixstatic.com/ugd/76fdf0_00a12522a2d845749fcbc7171b4a838a.pdf,*https://www.facebook.com/Eggs-Datacenter-distributed-datacenter-1686133208065975/*https://twitter.com/EdKevbrin*https://www.youtube.com/channel/UCVwDbWwolFoJOudzyx1X_Ow/videos*https://t.me/eggsdcchat
TOP,Decentralized video hosting using blockchain technology,https://docs.wixstatic.com/ugd/76fdf0_00a12522a2d845749fcbc7171b4a838a.pdf,*https://bitcointalk.org/index.php?topic=2095436*https://medium.com/@turnonaprofit*https://www.reddit.com/user/turnonaprofit/*https://join.slack.com/t/turnonaprofit/shared_invite/MjI1NTMyMTYwODQ4LTE1MDI3MDYzOTktMDFmYTUxYmQ5Nw*https://twitter.com/turnonaprofit*https://t.me/joinchat/F3X83EI6TYWlh6f9GlXkVg
Like,Multifunctional Blockchain Real Estate Platform,https://docs.wixstatic.com/ugd/76fdf0_00a12522a2d845749fcbc7171b4a838a.pdf,*https://bitcointalk.org/index.php?topic=2157476.0*https://web.facebook.com/likerealestatepattaya/*https://github.com/likeico/Pre-Sale/blob/master/contract/Likecoin.sol*https://twitter.com/likeico*https://t.me/likeico
Aeron,The new standard of aviation safety powered by blockchain.,https://docs.wixstatic.com/ugd/76fdf0_00a12522a2d845749fcbc7171b4a838a.pdf,*https://bitcointalk.org/index.php?topic=2078239.0*https://medium.com/@aeronaero*https://www.facebook.com/aeronpublic*https://github.com/aeronaero/aeron*https://www.reddit.com/r/aeronaero*https://aeronaero.slack.com/join/shared_invite/MjM1ODU5MjgwNTk1LTE1MDQ1MzMzMTgtZDE2Y2JiOGM1Mw*https://twitter.com/aeron_aero*https://t.me/aeronaero
Blockchain Board of Derivatives,Decentralized Cryptocurrency Derivatives Trading Platform,https://docs.wixstatic.com/ugd/76fdf0_00a12522a2d845749fcbc7171b4a838a.pdf,*https://www.facebook.com/BBODTradingPlatform*https://www.linkedin.com/company/18247922/*https://join.slack.com/t/bbodplatform/shared_invite/MjQwNDUzMzY4OTEzLTE1MDUzNzU2NDgtYjBmZWUxNzE3Mw*https://twitter.com/BBODTrading
CHEX,Modular Marketplace Supernetwork,https://docs.wixstatic.com/ugd/76fdf0_00a12522a2d845749fcbc7171b4a838a.pdf,*https://bitcointalk.org/index.php?topic=2112470.msg21120617#msg21120617*https://www.facebook.com/Cannabis-Hemp-Exchange-925337724193637/?ref=hl*https://www.linkedin.com/company-beta/7934817/*https://chextoken.slack.com/*https://www.youtube.com/channel/UC6Ux4rWzc1bQsFgNxulCo6A*https://t.me/joinchat/FJlmV0Fl1gk6KqLYrz21Xg
Gene Blockchain,Gene Blockchain Platform,https://docs.wixstatic.com/ugd/76fdf0_00a12522a2d845749fcbc7171b4a838a.pdf,*https://www.facebook.com/gene.blockchain.1*https://twitter.com/Gene_Blockchain*https://www.youtube.com/channel/UChqxP3r0fcnADROI4BK5DGA?view_as=subscriber
3DES,Decentralized slicer for 3D printing industry,https://docs.wixstatic.com/ugd/76fdf0_00a12522a2d845749fcbc7171b4a838a.pdf,*https://bitcointalk.org/index.php?topic=2130316.new#new*https://www.facebook.com/3des.network/*https://3des.slack.com/*https://twitter.com/3DesProject*https://www.youtube.com/watch?v=CddnW9-xLxM*https://t.me/joinchat/GLomkUPuYOQ-oqMxHF-W9w
Jibrel Network,Network provides traditional financial assets as standard Ethereum tokens,https://docs.wixstatic.com/ugd/76fdf0_00a12522a2d845749fcbc7171b4a838a.pdf,*https://bitcointalk.org/index.php?topic=2057487.0*https://github.com/jibrelnetwork*https://www.linkedin.com/company/11163791/*https://www.reddit.com/r/JibrelNetwork/*https://jibrelnetwork.slack.com/*https://twitter.com/JibrelNetwork*https://www.youtube.com/watch?v=LBMyd7Ql8QU*https://t.me/jibrelnetwork
CoinLoan,Platform for loans secured by cryptoassets,https://docs.wixstatic.com/ugd/76fdf0_00a12522a2d845749fcbc7171b4a838a.pdf,*https://www.facebook.com/coinloan.io*https://slack.coinloan.io/*https://twitter.com/coin_loan*https://t.me/coinloan
KeY Token,Blockchain-based Smartbank,https://docs.wixstatic.com/ugd/76fdf0_00a12522a2d845749fcbc7171b4a838a.pdf,
ABIO Coin,Blockchain-based investment instrument backed by functioning business,https://docs.wixstatic.com/ugd/76fdf0_00a12522a2d845749fcbc7171b4a838a.pdf,*https://www.facebook.com/ABIO-Coin-1949123271970301/*https://twitter.com/AbioCoin
Bookira,Blockchain-based Online Booking Service,https://docs.wixstatic.com/ugd/76fdf0_00a12522a2d845749fcbc7171b4a838a.pdf,*https://medium.com/@m.siegel/how-to-buy-tokens-on-www-bookira-io-eddb5a65c7d3*https://www.facebook.com/Bookiraproject/*https://github.com/bookira?tab=repositories*https://twitter.com/ProjectBookira
Soma,An incentivized blockchain-based social marketplace,https://docs.wixstatic.com/ugd/76fdf0_00a12522a2d845749fcbc7171b4a838a.pdf,*https://www.facebook.com/socialmarketapp/*https://github.com/Soma-co*https://still-temple-33600.herokuapp.com/*https://twitter.com/SomaToken
ClearPoll,Blockchain-based Social Public Opinion Polls,https://docs.wixstatic.com/ugd/76fdf0_00a12522a2d845749fcbc7171b4a838a.pdf,*http://www.facebook.com/voteclearpoll*http://www.reddit.com/r/clearpoll*http://www.twitter.com/voteclearpoll
Afterschool,2 sided blockchain-base marketplace to helps parents find and book the best kids activities.,https://docs.wixstatic.com/ugd/76fdf0_00a12522a2d845749fcbc7171b4a838a.pdf,*https://www.facebook.com/pages/Afterschool/421197504639234*https://twitter.com/afterschoolAE*https://www.youtube.com/channel/UClhdFn48ybj5gfBe2qCJeQQ
Cypher,A Geo Location Discovery Application with an integrated cryptocurrency token,https://docs.wixstatic.com/ugd/76fdf0_00a12522a2d845749fcbc7171b4a838a.pdf,*https://www.facebook.com/Cypher-Mobile-297343424077964/*https://www.linkedin.com/company/25055612/*http://www.cyphermobile.com/slack/*https://twitter.com/CypherMobile
Teleport,High-speed optic channel 12700 km through Russia which will connect Europe and China,https://docs.wixstatic.com/ugd/76fdf0_00a12522a2d845749fcbc7171b4a838a.pdf,*https://www.facebook.com/TELE2-Teleport-347092169055862/*https://twitter.com/TELE2_Teleport
Cove,End-to-end control of your digital identity and documents,https://docs.wixstatic.com/ugd/76fdf0_00a12522a2d845749fcbc7171b4a838a.pdf,*https://medium.com/coveidentity*https://www.facebook.com/coveidentity*https://github.com/coveidentity*https://www.linkedin.com/company/coveidentity*https://join.slack.com/t/cove-identity/shared_invite/MjM2NzIzNjAwMzg4LTE1MDQ2NTE2NTQtYjBkNjljZmQ2Nw*https://twitter.com/CoveIdentity*https://www.youtube.com/channel/UCZiQoTlbr3hFy5eijmDtoGA*https://t.me/coveidentity
AlfaToken,Platform that allows to create tokens and smart contracts without coding,https://docs.wixstatic.com/ugd/76fdf0_00a12522a2d845749fcbc7171b4a838a.pdf,*https://bitcointalk.org/index.php?topic=2198582.0*https://www.facebook.com/groups/195814320961475/*https://github.com/AlfaToken*https://www.linkedin.com/in/denis-farnosov-888380150/*https://www.reddit.com/user/alfatoken/*https://twitter.com/alfatoken*https://t.me/alfatoken1
Customizable Basic Income,Decentralized Framework for Direct Giving,https://docs.wixstatic.com/ugd/76fdf0_00a12522a2d845749fcbc7171b4a838a.pdf,*https://github.com/cbiproject*https://www.reddit.com/r/cbiproject/*https://twitter.com/cbiproject
NapoleonX,Decentralized Autonomous Funds,https://docs.wixstatic.com/ugd/76fdf0_00a12522a2d845749fcbc7171b4a838a.pdf,*https://www.facebook.com/NapoleonXProject/*https://github.com/ProjectNapoleonX*https://www.linkedin.com/company-beta/11117219/*https://napoleonx.slack.com/*https://twitter.com/NapoleonXai*https://www.youtube.com/channel/UCoN_vg-_GU09Yet6pyx9neA
CarTaxi,World's first operating car towing platform on blockchain,https://docs.wixstatic.com/ugd/76fdf0_00a12522a2d845749fcbc7171b4a838a.pdf,*https://bitcointalk.org/index.php?topic=2094561.new#new*https://medium.com/@CarTaxi_24*https://www.facebook.com/Cartaxi_ico-1905979582989363/*https://github.com/CarTaxi*https://cartaxi.slack.com/messages/C6FTQDY7P/files/*https://icotracker.net/twitter.com/CarTaxi_24*https://www.youtube.com/watch?v=bQQjp_ujjXM&t=4s*https://t.me/cartaxi_io
Galactikka,Social network with blockchain-based promoting system,https://docs.wixstatic.com/ugd/76fdf0_00a12522a2d845749fcbc7171b4a838a.pdf,*https://facebook.com/galactikka*https://galactikka-invite-ico.herokuapp.com/*https://t.me/ico_galactikka
0x2x Exchange Protocol,Second generation exchange protocol (SCAM ALERT!!!),https://docs.wixstatic.com/ugd/76fdf0_00a12522a2d845749fcbc7171b4a838a.pdf,
Quantstamp,Decentralized Security Auditing for Smart Contracts,https://docs.wixstatic.com/ugd/76fdf0_00a12522a2d845749fcbc7171b4a838a.pdf,*https://github.com/quantstamp/*https://icotracker.net/quantstamp.slack.com*https://twitter.com/QuantstampICO
Cryptopay ICO,Financial services platform,https://docs.wixstatic.com/ugd/76fdf0_00a12522a2d845749fcbc7171b4a838a.pdf,*https://medium.com/Cryptopay*https://fb.com/cryptopayme/*https://join.slack.com/t/icocryptopay/shared_invite/MjM2ODI5NzkzMTkwLTE1MDQ1MzQxMDMtMzRkMTNjYWEzZg*https://twitter.com/cryptopay
Rhea,Crypto-options trading platform with quarterly dividend incentive,https://docs.wixstatic.com/ugd/76fdf0_00a12522a2d845749fcbc7171b4a838a.pdf,*https://bitcointalk.org/index.php?topic=2152262.0*https://medium.com/@rheatoken*https://www.facebook.com/rheatoken*https://www.linkedin.com/company/18222946/*https://twitter.com/rheatoken*https://t.me/rheatoken
Nocta,Premium Adult Entertainment Platform,https://docs.wixstatic.com/ugd/76fdf0_00a12522a2d845749fcbc7171b4a838a.pdf,*https://bitcointalk.org/index.php?topic=2156189*https://twitter.com/noctaworldwide
SPARC,A Distributed Supercomputer,https://docs.wixstatic.com/ugd/76fdf0_00a12522a2d845749fcbc7171b4a838a.pdf,*https://bitcointalk.org/index.php?topic=2021078.msg20138508#msg20138508*https://medium.com/@cbielicki_1148*https://www.facebook.com/SparcICO/*https://github.com/KingsDistributedSystems/SPARC-Public*https://www.reddit.com/r/KingsDS/*https://kingsds.slack.com/*https://twitter.com/SPARC_DS*https://t.me/SPARCNetwork/
Peerity,Social connection and activity platform,https://docs.wixstatic.com/ugd/76fdf0_00a12522a2d845749fcbc7171b4a838a.pdf,*https://www.facebook.com/peerity/*https://twitter.com/peerity
openZen,Decentralised distributed social network, a search engine and a storage of information,https://docs.wixstatic.com/ugd/76fdf0_00a12522a2d845749fcbc7171b4a838a.pdf,*https://bitcointalk.org/index.php?topic=2036653*https://medium.com/@openzen*https://facebook.com/openZen*https://www.reddit.com/r/openZen/*http://openzen.slack.com/*https://twitter.com/JustOpenZen*http://youtube.com/openzen*https://t.me/openzen
FUNDCOIN,Ethereum-based smart contract digital token,https://docs.wixstatic.com/ugd/76fdf0_00a12522a2d845749fcbc7171b4a838a.pdf,*https://medium.com/fundcoins*https://www.facebook.com/fundcoins/*https://join.slack.com/t/fundcoin/shared_invite/MjIzMjU2MzIzMzQ5LTE1MDIxMTMwMTktMGZjZjQ5OTM4YQ*https://twitter.com/FundCoins*https://t.me/FNDCoins
Seratio Platform,Centre for citizenship, enterprise and governance,https://docs.wixstatic.com/ugd/76fdf0_00a12522a2d845749fcbc7171b4a838a.pdf,*https://mypad.northampton.ac.uk/cceg/#.WW3DA4jyjIU*https://www.facebook.com/TheCCEG/*https://github.com/seratio/whitepaper*https://www.linkedin.com/company-beta/3102994/*https://twitter.com/theSERatio*https://www.youtube.com/user/TheCCEG
Zloadr,Media publishing platform on the blockchain powered by influencers,https://docs.wixstatic.com/ugd/76fdf0_00a12522a2d845749fcbc7171b4a838a.pdf,*https://bitcointalk.org/index.php?topic=2017088.0*https://medium.com/@zloadr*https://www.facebook.com/zloadrmedia/*https://linkedin.com/company/zloadr*https://zloadr.slack.com/*https://twitter.com/zloadr*https://telegram.me/Zloadr
Multigames,Blockchain-based B2B White Label Online Casino,https://docs.wixstatic.com/ugd/76fdf0_00a12522a2d845749fcbc7171b4a838a.pdf,
Wishfinance,Lending to merchant SMEs,https://docs.wixstatic.com/ugd/76fdf0_00a12522a2d845749fcbc7171b4a838a.pdf,*https://medium.com/@WishFinanceCom*https://www.facebook.com/wishfinance/*https://www.linkedin.com/company-beta/13372532/*https://twitter.com/WishFinanceCom*https://t.me/wishfinance
SENSE,Rewarding Human Capital,https://docs.wixstatic.com/ugd/76fdf0_00a12522a2d845749fcbc7171b4a838a.pdf,*https://bitcointalk.org/index.php?topic=2096600.msg20951702#msg20951702*https://www.facebook.com/sensaybot/*https://www.reddit.com/r/sensetoken/*https://twitter.com/sensay*https://t.me/joinchat/AAAAAEQzTJW8N35CcmHlZA
HireMatch,Decentralized Blockchain Employment Marketplace,https://docs.wixstatic.com/ugd/76fdf0_00a12522a2d845749fcbc7171b4a838a.pdf,*https://www.facebook.com/hirematchico/*https://www.linkedin.com/company-beta/24779249/
Synapse,Synapse is creating a decentralized data and machine learning marketplace and exchange,https://docs.wixstatic.com/ugd/76fdf0_00a12522a2d845749fcbc7171b4a838a.pdf,*https://bitcointalk.org/index.php?topic=2189386.0*https://www.facebook.com/groups/synapseai/*https://github.com/SynapseOrg*https://www.reddit.com/r/synapseai/*https://synapseai-slack.herokuapp.com/*https://twitter.com/aisynapse
Descrow,Decentralized Escrow to control ICO and guarantees financing of startup projects,https://docs.wixstatic.com/ugd/76fdf0_00a12522a2d845749fcbc7171b4a838a.pdf,*https://icotracker.net/medium.com/@Descrow*http://facebook.com/descrow3*https://www.linkedin.com/company-beta/18142266/*http://twitter.com/descrow3*https://t.me/descrow_eng
Loci,Patent search process and utilizing unique visualizations,https://docs.wixstatic.com/ugd/76fdf0_00a12522a2d845749fcbc7171b4a838a.pdf,*https://github.com/Loci-io*https://www.linkedin.com/company/12907482/*https://loci-innvenn.herokuapp.com/*https://twitter.com/loci_io
MITO,Token based on the DAO IPCI Protocol scaling up green economy and environmental assets trade,https://docs.wixstatic.com/ugd/76fdf0_00a12522a2d845749fcbc7171b4a838a.pdf,*https://medium.com/@DAO_IPCI*https://www.facebook.com/DAOIPCI/*https://github.com/DAO-IPCI*https://twitter.com/DAO_IPCI*https://t.me/DAO_IPCI
FairAppToken,Android App Store built on Ethereum,https://docs.wixstatic.com/ugd/76fdf0_00a12522a2d845749fcbc7171b4a838a.pdf,*https://bitcointalk.org/index.php?topic=2143536.0*https://medium.com/@fairapptoken*https://www.facebook.com/fairapptoken/*https://twitter.com/fairapptoken
DigiPulse,Digital asset inheritance simplified,https://docs.wixstatic.com/ugd/76fdf0_00a12522a2d845749fcbc7171b4a838a.pdf,*https://www.facebook.com/digipulse.io/*https://redd.it/6ntdg2
ATLANT,World’s Real Estate Blockchain Platform,https://docs.wixstatic.com/ugd/76fdf0_00a12522a2d845749fcbc7171b4a838a.pdf,*https://bitcointalk.org/index.php?topic=2053239.new#new*https://medium.com/@atlantio*https://www.facebook.com/Atlant-Real-Estate-Platform-455717934793081/*https://www.reddit.com/user/Atlantio/*https://atlantio.slack.com/join/shared_invite/MjA5ODQxODY5OTIyLTE0OTk1MTU1ODctNjg1YzI2NzIwYQ*https://twitter.com/atlantio*https://t.me/atlant_eng
Indicoin,Blockchain redefining Social Service,https://docs.wixstatic.com/ugd/76fdf0_00a12522a2d845749fcbc7171b4a838a.pdf,*https://www.medium.com/@Indi_coin*https://facebook.com/indicoin.crypto*https://www.linkedin.com/company/13401963/*https://www.reddit.com/user/Indicoin/*https://twitter.com/Indi_Coin*https://www.telegram.me/indicoin
TokenStars,The first blockchain company to tokenize massive celebrities,https://docs.wixstatic.com/ugd/76fdf0_00a12522a2d845749fcbc7171b4a838a.pdf,*https://bitcointalk.org/index.php?topic=2043613.0*https://medium.com/@tokenstars*https://www.facebook.com/tokenstars*https://www.linkedin.com/tokenstars*https://reddit.com/r/tokenstars*https://twitter.com/tokenstars*https://t.me/tokenstars_en
Assistive Reality,Series of Augmented Reality apps with the single goal of providing effective Human Assistance,https://docs.wixstatic.com/ugd/76fdf0_00a12522a2d845749fcbc7171b4a838a.pdf,*https://github.com/AssistiveReality*https://www.linkedin.com/in/assistive-reality-b09448147*https://twitter.com/aronline_io
VALUS,Blockchain-based platform which will connect trademarks, retailers and customers,https://docs.wixstatic.com/ugd/76fdf0_00a12522a2d845749fcbc7171b4a838a.pdf,*https://bitcointalk.org/index.php?topic=2108140.0*https://medium.com/@VALUS*https://www.facebook.com/valus.one/*https://www.reddit.com/user/VALUS_ONE*https://valus.herokuapp.com/*https://twitter.com/VALUSone
Electroneum,A mobile based cryptocurrency that you can manage and mine via the app,https://docs.wixstatic.com/ugd/76fdf0_00a12522a2d845749fcbc7171b4a838a.pdf,*https://facebook.com/electroneum*https://twitter.com/electroneum
NoTraffic,Real-time mobile traffic application,https://docs.wixstatic.com/ugd/76fdf0_00a12522a2d845749fcbc7171b4a838a.pdf,
Soferox,Streamlining the Cryptocurrency World,https://docs.wixstatic.com/ugd/76fdf0_00a12522a2d845749fcbc7171b4a838a.pdf,
beeqb,All-in-one ecosystem for business,https://docs.wixstatic.com/ugd/76fdf0_00a12522a2d845749fcbc7171b4a838a.pdf,*https://bitcointalk.org/index.php?topic=2060529.msg20562872*https://www.facebook.com/beeqbcom/*https://twitter.com/beeqbcom*https://t.me/beeqb
ODMCoin,Investment Blockchain Option the Oil and Gas Sector,https://docs.wixstatic.com/ugd/76fdf0_00a12522a2d845749fcbc7171b4a838a.pdf,*https://bitcointalk.org/index.php?topic=2109661.0*https://spark.ru/user/76097/blogs*https://www.fb.com/groups/122913815006962/*https://ahoolee.slack.com/messages*https://twitter.com/ODMCoin*https://www.youtube.com/channel/UCFCyaomld9O3fV3pw7Mcwaw*https://t.me/odmcoin_talk
REALT,Global Airbnb-style marketplace on cryptocurrency and smart contracts,https://docs.wixstatic.com/ugd/76fdf0_00a12522a2d845749fcbc7171b4a838a.pdf,*https://bitcointalk.org/index.php?topic=2095427.msg20939352#msg20939352*https://medium.com/@realt/*https://www.facebook.com/RealtLtd*https://www.linkedin.com/in/sherman124k/*http://slack.realt.uk/*https://twitter.com/RealtLtd*https://t.me/RealtLtd/
Fupoof Coin,The coin with profits from the coin will be payout by dividend to the investors,https://docs.wixstatic.com/ugd/76fdf0_00a12522a2d845749fcbc7171b4a838a.pdf,*https://bitcointalk.org/index.php?topic=1993133.0*https://www.facebook.com/profile.php?id=100018916381826*https://twitter.com/FupoofCoin*https://www.youtube.com/channel/UCNjEJNyHp_k-uvBOALnPNVg
Enjin Coin,Gaming Currency & Virtual Goods Platform,https://docs.wixstatic.com/ugd/76fdf0_00a12522a2d845749fcbc7171b4a838a.pdf,*https://medium.com/@coinfork*https://www.facebook.com/enjinsocial/*https://github.com/enjin/enjincoin*https://www.reddit.com/r/enjincoin*https://enjincoin.io/slack*https://twitter.com/enjincs*https://t.me/joinchat/C3COWEQFuovWYOfDhXFwJA
wardZ,Reward token with loyalty options and referral system,https://docs.wixstatic.com/ugd/76fdf0_00a12522a2d845749fcbc7171b4a838a.pdf,*https://www.facebook.com/wardZcc/*https://github.com/wardzcc*https://twitter.com/wardZcc
Decentralized Loan Collateral,Decentralized lending platform built that connects lenders and borrowers through a smart contract,https://docs.wixstatic.com/ugd/76fdf0_00a12522a2d845749fcbc7171b4a838a.pdf,*https://bitcointalk.org/index.php?topic=2125900.0*https://medium.com/@Coinequity*https://join.slack.com/t/coinequity/shared_invite/MjI5MjM3Nzg1MjMzLTE1MDMzNzEwODQtYTFiYTZmYjRjOQ*https://twitter.com/Coinequity*http://t.me/Coinequity
HomeToken,A tokenized real estate fund, based in Asia's emerging markets,https://docs.wixstatic.com/ugd/76fdf0_00a12522a2d845749fcbc7171b4a838a.pdf,*https://bitcointalk.org/index.php?topic=2059748.0*https://medium.com/hometoken*https://www.facebook.com/hometoken.io/*https://twitter.com/HomeTokenIO*https://www.youtube.com/channel/UCQcgNAHTHbKsc12OpyqcICg
BurstIQ,Solving the security and transparency issues with health data,https://docs.wixstatic.com/ugd/76fdf0_00a12522a2d845749fcbc7171b4a838a.pdf,*https://bitcointalk.org/index.php?topic=2097319.0*https://medium.com/@BurstIQ*https://www.facebook.com/BurstIQ/*https://www.linkedin.com/company/9242364?trk=tyah&trkInfo=idx%3A1-1-1%2CtarId%3A1424903376177%2Ctas%3Aburstiq*http://burstiq.herokuapp.com/*https://twitter.com/BurstIQ*https://t.me/burstiq
Grant Hero,Decentralized non-profit organization that fosters direct giving,https://docs.wixstatic.com/ugd/76fdf0_00a12522a2d845749fcbc7171b4a838a.pdf,*https://medium.com/@GrantHeroNGO*https://facebook.com/grantheroNGO*https://www.instagram.com/grantheroNGO*https://www.twitter.com/grantheroNGO*https://www.youtube.com/channel/UC6Q4JokEuFCH3NkVT5Q9TgA
ToTheMoon,Provider of full-cycle mining services,https://docs.wixstatic.com/ugd/76fdf0_00a12522a2d845749fcbc7171b4a838a.pdf,*https://medium.com/@tothemoonico*https://www.facebook.com/Tothemoonimus-246261305894704*https://tothemoonico.slack.com/messages*https://twitter.com/ToTheMoonToken*https://t.me/tmt_ico
Credit Protocol,A revolutionary platform for creating, storing, and tracking debts and credits,https://docs.wixstatic.com/ugd/76fdf0_00a12522a2d845749fcbc7171b4a838a.pdf,*https://bitcointalk.org/index.php?topic=2129993.0*https://medium.com/@BlockMason*https://github.com/blockmason*https://reddit.com/r/blockmason*https://twitter.com/blockmasonio*https://t.me/blockmason
Leverj,Decentralized platform for cryptocurrency derivatives trading,https://docs.wixstatic.com/ugd/76fdf0_00a12522a2d845749fcbc7171b4a838a.pdf,*https://github.com/coinpit*https://www.linkedin.com/company-beta/24997541/*https://www.reddit.com/r/Leverj/*https://twitter.com/Leverj_io*https://www.youtube.com/channel/UC9oq9zNCn5vFuWwtLuNLUfw*https://t.me/joinchat/C-gLzkMqKr1zmoeS-ZQePg
Wounded Warrior Coin,Donation coin for the Wounded Warrior Project (SCAM ALERT!!!),https://docs.wixstatic.com/ugd/76fdf0_00a12522a2d845749fcbc7171b4a838a.pdf,
HAZZA,The Global Unified Payment Network,https://docs.wixstatic.com/ugd/76fdf0_00a12522a2d845749fcbc7171b4a838a.pdf,*https://bitcointalk.org/index.php?topic=2160409*https://www.facebook.com/HAZZA-127816467849137/*https://www.linkedin.com/company/13412966/*https://www.reddit.com/r/HAZZAnetwork/*https://twitter.com/Hazza_Network*https://www.youtube.com/channel/UChdAm6aKl5qiizr1GkGJ_Dg
Mithril Ore,Ethereum backed Cryptocurrency,https://docs.wixstatic.com/ugd/76fdf0_00a12522a2d845749fcbc7171b4a838a.pdf,*https://www.facebook.com/mithrilore/*https://twitter.com/MithrilOre
Ripitide Coin,Cryptocurrency,https://docs.wixstatic.com/ugd/76fdf0_00a12522a2d845749fcbc7171b4a838a.pdf,*https://www.facebook.com/riptidecoin*https://github.com/riptidecoin*https://mmjfintech.slack.com/*https://twitter.com/riptidecoin
Big Data Coin,Data-backed cryptocurrency, allowing everyone to monetize their own data,https://docs.wixstatic.com/ugd/76fdf0_00a12522a2d845749fcbc7171b4a838a.pdf,
Normie Cash,The Currency of the Normies,https://docs.wixstatic.com/ugd/76fdf0_00a12522a2d845749fcbc7171b4a838a.pdf,
Aleph Market,Peer to Peer Marketplace on the Blockchain,https://docs.wixstatic.com/ugd/76fdf0_00a12522a2d845749fcbc7171b4a838a.pdf,*https://www.facebook.com/groups/CryptoCurrencyandinvesting/*https://github.com/alephmarket/*http://youtube.com/cryptocurrencyinvesting
PROPX,Blockchain-based Investment Fund,https://docs.wixstatic.com/ugd/76fdf0_00a12522a2d845749fcbc7171b4a838a.pdf,*http://facebook.com/prosperiprop*https://www.linkedin.com/in/llewmorkel/*https://propxico.slack.com/*https://icotracker.net/@prosperiprop*https://icotracker.net/T.ME/PROPX
Bankera,Blockchain-based bank,https://docs.wixstatic.com/ugd/76fdf0_00a12522a2d845749fcbc7171b4a838a.pdf,*https://medium.com/@Bankera_blog*https://www.facebook.com/bankeracom/*https://www.linkedin.com/company-beta/25000232/*https://bankera.slack.com/*https://twitter.com/Bankeracom*https://t.me/bankera
Conpay,Decentralized Multycryptocurrency Payment System,https://docs.wixstatic.com/ugd/76fdf0_00a12522a2d845749fcbc7171b4a838a.pdf,*https://bitcointalk.org/index.php?topic=2114198.msg21141363#msg21141363*https://medium.com/@ConPay*https://www.facebook.com/ConPay.io/*https://github.com/ConPay-io*https://www.reddit.com/user/ConPay/*https://twitter.com/ConPay_io*https://t.me/conpaycommunity
ModoView,Innovative Mixed Reality framework for creating easily MR applications,https://docs.wixstatic.com/ugd/76fdf0_00a12522a2d845749fcbc7171b4a838a.pdf,*https://bitcointalk.org/index.php?topic=2086432*https://www.facebook.com/modoview*https://twitter.com/modoview*https://t.me/modoview
Betstreak,First Licensed Blockchain Casino,https://docs.wixstatic.com/ugd/76fdf0_00a12522a2d845749fcbc7171b4a838a.pdf,*https://bitcointalk.org/index.php?topic=2131763.0*https://medium.com/@betstreak/*https://www.facebook.com/betstreak/*https://betstreakicogroup.slack.com/messages*https://twitter.com/bet_streak*https://t.me/betstreakICOdiscussion
Dentacoin,Blockchain concept designed for the Global Dental Industry,https://docs.wixstatic.com/ugd/76fdf0_00a12522a2d845749fcbc7171b4a838a.pdf,*https://bitcointalk.org/index.php?topic=1944236.0*https://medium.com/@dentacoin/*https://www.facebook.com/dentacoin/*https://github.com/neptox/Dentacoin*https://www.reddit.com/r/Dentacoin/*https://dentacoin.slack.com/stats*https://twitter.com/dentacoin?lang=en
LakeBanker,Free Banking for the World,https://docs.wixstatic.com/ugd/76fdf0_00a12522a2d845749fcbc7171b4a838a.pdf,*https://bitcointalk.org/index.php?topic=2028648.0*https://www.facebook.com/LakeBanker*https://www.reddit.com/r/LakeBanker*https://join.slack.com/t/lakebankerproject/shared_invite/MjEzNzA5Nzc1NDQ2LTE1MDAwMjEwMjMtMWVmYmRmMmRmNQ*https://twitter.com/LakeBanker*https://t.me/joinchat/GCtyFAxzdxE_pRC30NgZAw
USHBA.IO,Next Generation Cryptocurrency Trading Platform,https://docs.wixstatic.com/ugd/76fdf0_00a12522a2d845749fcbc7171b4a838a.pdf,
Climatecoin,The first cryptocurrency for Climate Change Action,https://docs.wixstatic.com/ugd/76fdf0_00a12522a2d845749fcbc7171b4a838a.pdf,*https://medium.com/@Climatecoin*https://www.facebook.com/climatecoinofficial/*https://www.linkedin.com/company/climatecoin*https://www.reddit.com/user/CLIMATECOIN/*ttps://climatecoinofficial.slack.com*https://twitter.com/InfoClimatecoin*https://www.youtube.com/channel/UCa5Q35bRxMZDBcEAEgfisKA
Dragonchain,Blockchain-based secure, flexible, and business ready platform,https://docs.wixstatic.com/ugd/76fdf0_00a12522a2d845749fcbc7171b4a838a.pdf,*https://github.com/dragonchain/dragonchain*https://www.linkedin.com/company/18216867/*https://twitter.com/dragonchaingang
Science Blockchain,Blockchain Startup Incubator,https://docs.wixstatic.com/ugd/76fdf0_00a12522a2d845749fcbc7171b4a838a.pdf,*https://t.me/ScienceBlockchain
WandX,Decentralized derivatives market,https://docs.wixstatic.com/ugd/76fdf0_00a12522a2d845749fcbc7171b4a838a.pdf,*https://medium.com/wandx*https://www.facebook.com/wandx.co/*https://github.com/WandXDapp*https://icotracker.net/wandx.slack.com*https://twitter.com/WandXDapp*https://web.telegram.org/#/im?p=@wandxdapp
SqPay,Cryptoinvestments in Commercial Real Estate,https://docs.wixstatic.com/ugd/76fdf0_00a12522a2d845749fcbc7171b4a838a.pdf,*https://bitcointalk.org/index.php?topic=2117288.0*https://www.facebook.com/sqpay.io*https://sqpay.slack.com/*https://t.me/sqpayeng
Dome Platform,Revolutionizing dapps with global network solutions,https://docs.wixstatic.com/ugd/76fdf0_00a12522a2d845749fcbc7171b4a838a.pdf,*https://bitcointalk.org/index.php?topic=2157244.0*https://www.facebook.com/domeplatform/*https://github.com/thedomeplatform/Dome-Contract*https://domeplatform.slack.com/*https://twitter.com/DomePlatform
VerifyUnion,Decentralized Digital Identification and Trust Verification platform with a Social Scoring Engine,https://docs.wixstatic.com/ugd/76fdf0_00a12522a2d845749fcbc7171b4a838a.pdf,*https://medium.com/@verifyunionico*https://www.facebook.com/VerifyUnion/?ref=br_rs*https://www.linkedin.com/company/18227279/*https://twitter.com/VUnioninfo*https://t.me/verifyunioninfo
VOTES,An international platform for taking votes of any level,https://docs.wixstatic.com/ugd/76fdf0_00a12522a2d845749fcbc7171b4a838a.pdf,*https://bitcointalk.org/index.php?topic=2029061*http://fb.me/votesplatform*https://votesplatform.slack.com/*https://twitter.com/votes_platform*https://t.me/votesplatform_global
SRG,Online Gaming Industry With a Blockchain Based Gaming Loyalty Platform,https://docs.wixstatic.com/ugd/76fdf0_00a12522a2d845749fcbc7171b4a838a.pdf,*https://bitcointalk.org/index.php?topic=2135549.0*https://www.facebook.com/CommunitySRG/*https://github.com/SRG-community/SRG*https://srg-community.slack.com/join/shared_invite/MjMyODIyMjg2NDA2LTE1MDM2ODUyMTAtMzEyYjhkYmE0NA*https://twitter.com/srgcommunity*https://t.me/srgcommunityen
CoExistCoin,Charitable Nonprofit Organization,https://docs.wixstatic.com/ugd/76fdf0_00a12522a2d845749fcbc7171b4a838a.pdf,*https://bitcointalk.org/index.php?topic=2126128.0*https://coexistcoin.herokuapp.com/*https://twitter.com/coexistcoin*https://t.me/coexistcoin
Blocksale,Blockchain-based Application Network for accredited investors and ITO,https://docs.wixstatic.com/ugd/76fdf0_00a12522a2d845749fcbc7171b4a838a.pdf,*https://www.facebook.com/Blocksale-1364769656972696/*https://twitter.com/Blocksaleio*https://t.me/joinchat/GJqyzAkHuHcXXic7PFbFfQ
crypto.tickets,Universal blockchain platform for ticket systems,https://docs.wixstatic.com/ugd/76fdf0_00a12522a2d845749fcbc7171b4a838a.pdf,*https://medium.com/crypto-tickets*https://www.facebook.com/crypto.tickets*https://join.slack.com/t/cryptotickets/shared_invite/MjI3OTIxNDY0MjA4LTE1MDMwNjY1OTMtM2ExMzQzMDE2Yg*https://twitter.com/CryptoTickets*https://t.me/Cryptoticketsnews
CUBIYAN,An Open Source Digital Currency backed by reserves of Bitcoin and Ethereum,https://docs.wixstatic.com/ugd/76fdf0_00a12522a2d845749fcbc7171b4a838a.pdf,*https://www.facebook.com/cubiyan.uk/
BioPayCoin,Cryptocurrency Wallet with Biometric Fingerprint scanning,https://docs.wixstatic.com/ugd/76fdf0_00a12522a2d845749fcbc7171b4a838a.pdf,*https://bitcointalk.org/index.php?topic=2175629*https://facebook.com/biopay.coin.1*https://github.com/biopaycoin*https://reddit.com/user/biopaycoin*https://biopaycoin.slack.com/*https://twitter.com/biopaycoin
Bond,Asset Fund on Bitshares Blockchain,https://docs.wixstatic.com/ugd/76fdf0_00a12522a2d845749fcbc7171b4a838a.pdf,*https://www.facebook.com/BOND-on-Blockchain-1630497430328132/*https://www.reddit.com/user/BONDonBlockchain/*https://twitter.com/bondblockchain
StoneToken,Blockchain-based project of activated mineral powder,https://docs.wixstatic.com/ugd/76fdf0_00a12522a2d845749fcbc7171b4a838a.pdf,*https://www.facebook.com/StoneTokenio-110619356303485/*https://stonetoken.slack.com/messages/@stonetoken/*https://twitter.com/stonetokencrew?lang=ru*https://t.me/stonetokencrew
AIOS,A Massive Decentralized Social Media Platform,https://docs.wixstatic.com/ugd/76fdf0_00a12522a2d845749fcbc7171b4a838a.pdf,*https://bitcointalk.org/index.php?action=profile;u=1078096*https://bitcointalk.org/index.php?topic=2189162.0*https://twitter.com/aioslife
Christ Coin,Decentralized Christian Crypto, interact with the community on the Life Change Platform,https://docs.wixstatic.com/ugd/76fdf0_00a12522a2d845749fcbc7171b4a838a.pdf,*https://www.facebook.com/Lifechange.io/?ref=aymt_homepage_panel*https://twitter.com/lifechange_io
1World Online,A Decentralized Ecosystem for online engagement and services,https://docs.wixstatic.com/ugd/76fdf0_00a12522a2d845749fcbc7171b4a838a.pdf,*https://www.facebook.com/1WorldOnlineInc*https://www.linkedin.com/company-beta/2751873*https://twitter.com/1World_Online*https://www.youtube.com/user/1WorldOnlineInc*https://t.me/joinchat/Fu2jLgtH-b2obpp1FO5jyQ
Zephyr,Blockchain Solution for Remittance Industry Stakeholders,https://docs.wixstatic.com/ugd/76fdf0_00a12522a2d845749fcbc7171b4a838a.pdf,*https://bitcointalk.org/index.php?topic=2157357.new#new*https://twitter.com/bitsparkbtc*https://t.me/Bitspark_Zephyr
CoinDrive (PRE- SALE),Shared eWallet to store, trade and invest virtual assets like ingame values,https://docs.wixstatic.com/ugd/76fdf0_00a12522a2d845749fcbc7171b4a838a.pdf,*https://bitcointalk.org/index.php?topic=2154715.0*https://www.facebook.com/CoinDriveApp/*https://twitter.com/drivecoin*https://t.me/joinchat/CEeWMkNauisHU5Q10azRdg
Sharpe Capital,UK based investment fund,https://docs.wixstatic.com/ugd/76fdf0_00a12522a2d845749fcbc7171b4a838a.pdf,*https://bitcointalk.org/index.php?topic=2139201.0*https://medium.com/@sharpecapital*https://www.facebook.com/sharpecapital*https://www.reddit.com/r/SharpeCapital/*https://sharpe.capital/slack*https://twitter.com/sharpecapital*https://t.me/sharpecapital
HydroMiner,An eco - friendly Solution to Cloud Mining,https://docs.wixstatic.com/ugd/76fdf0_00a12522a2d845749fcbc7171b4a838a.pdf,*https://www.facebook.com/hydrominer/*https://www.linkedin.com/company-beta/18204467*https://twitter.com/hydro_miner*https://t.me/Hydrominer
WORDCOIN,Cryptocurrency supported by high-demand online services and operated at Word Expert platform,https://docs.wixstatic.com/ugd/76fdf0_00a12522a2d845749fcbc7171b4a838a.pdf,*https://bitcointalk.org/index.php?topic=2152962.0*https://www.facebook.com/wordcoin.io/*https://github.com/WORDCOIN*https://www.reddit.com/user/wordcoin/*https://wordcoin.slack.com/*https://twitter.com/wordcoin_io*https://www.youtube.com/channel/UC_fhOVNGZnFUPVrQ9f-kptw*https://t.me/wordcoin
Ice Rock Mining,Cloud mining Platform in real Ice Rock,https://docs.wixstatic.com/ugd/76fdf0_00a12522a2d845749fcbc7171b4a838a.pdf,*https://bitcointalk.org/index.php?topic=2196082.0*https://www.facebook.com/IceRockMiningICO*https://www.linkedin.com/in/dias-kurmanov-b038b5149/*https://www.youtube.com/channel/UCxQCi2z51-LU9vgiBeuuGLg*https://t.me/joinchat/Emenog0u3kyNRusZjFbFWA
UQUID,Ethtreum-based Decentralized Virtual Cryptocurrency,https://docs.wixstatic.com/ugd/76fdf0_00a12522a2d845749fcbc7171b4a838a.pdf,*https://www.messenger.com/t/uquidcard*http://uquid.herokuapp.com/*https://twitter.com/uquidcard*https://t.me/uquidcoin
FTCoin,Decentralized Investment and Trading System,https://docs.wixstatic.com/ugd/76fdf0_00a12522a2d845749fcbc7171b4a838a.pdf,*https://www.facebook.com/groups/ftcoin.io/*https://twitter.com/ft_coin
AKM Global,Worldwide network of technologically-inspired Bio food Restaurants,https://docs.wixstatic.com/ugd/76fdf0_00a12522a2d845749fcbc7171b4a838a.pdf,*https://medium.com/akm-global*https://www.facebook.com/akminvest/*https://www.linkedin.com/company-beta/24997203/*https://twitter.com/akmglobal_*https://www.youtube.com/channel/UC3XusgK_XciCv44UdwvcDKA
Rocket ICO,Decentralized accelerator based on the DAO concept,https://docs.wixstatic.com/ugd/76fdf0_00a12522a2d845749fcbc7171b4a838a.pdf,*https://www.facebook.com/RocketICO/*https://github.com/rocketico/preico*https://www.linkedin.com/company-beta/18198957/*https://rocketico.slack.com/*https://twitter.com/rocketico_io*https://t.me/joinchat/AAJhLUMtLlCXhhMmS8aWNw
PLUSCOIN,A decentralized, Blockchain-based Mobile Marketing Platform,https://docs.wixstatic.com/ugd/76fdf0_00a12522a2d845749fcbc7171b4a838a.pdf,*https://pluscointeam.slack.com/*https://twitter.com/DsplusF*https://t.me/PlusCoinENG
Honestis.Network,Proffessional network and internet of people and trust which they share on blockchains id,https://docs.wixstatic.com/ugd/76fdf0_00a12522a2d845749fcbc7171b4a838a.pdf,*https://www.facebook.com/honestis.network/*https://twitter.com/HonestisN*https://t.me/joinchat/FlYRIAvzj7ejByiJM-E5WA
Prime-Ex Perpetual,Crowdfunding Real Estate Platform,https://docs.wixstatic.com/ugd/76fdf0_00a12522a2d845749fcbc7171b4a838a.pdf,*https://www.facebook.com/PEXTokens/*https://www.linkedin.com/company-beta/25037545/*https://www.reddit.com/user/PEXTokens*https://twitter.com/PEXTokens
Kitex,A Decentralized Ecommerce platform,https://docs.wixstatic.com/ugd/76fdf0_00a12522a2d845749fcbc7171b4a838a.pdf,
Worldcore,Regulated Payment Institution,https://docs.wixstatic.com/ugd/76fdf0_00a12522a2d845749fcbc7171b4a838a.pdf,*https://bitcointalk.org/index.php?topic=2097832*https://www.facebook.com/worldcoresocial*https://www.linkedin.com/company-beta/10221212*https://worldcore.slack.com/*https://twitter.com/worldcoresocial*https://t.me/worldcore
Weigrate,An Auction based on Decentralized Cryptocurrency,https://docs.wixstatic.com/ugd/76fdf0_00a12522a2d845749fcbc7171b4a838a.pdf,*https://www.facebook.com/weigrate/*https://github.com/weigrate/weigrate*https://twitter.com/WeigRate
Relex,Crowdsourced Real Estate Development Platform,https://docs.wixstatic.com/ugd/76fdf0_00a12522a2d845749fcbc7171b4a838a.pdf,*https://bitcointalk.org/index.php?topic=2075473.20*https://www.facebook.com/RelexTalk*https://relextalk.slack.com/*https://twitter.com/relextalk
CCORE,CryptoCurrency Payment Platform,https://docs.wixstatic.com/ugd/76fdf0_00a12522a2d845749fcbc7171b4a838a.pdf,*https://bitcointalk.org/index.php?topic=2100088.0*https://www.facebook.com/ccore.io/*https://ccore-io.slack.com/*https://twitter.com/ccore_io*https://www.youtube.com/watch?v=jNov2_PlTFw*https://t.me/ccore_io
Globus,Blockchain-based global logistic busines system,https://docs.wixstatic.com/ugd/76fdf0_00a12522a2d845749fcbc7171b4a838a.pdf,*https://www.facebook.com/pg/UTWGlobus/events/?ref=page_internal*https://twitter.com/UTW_Globus
Ponsumer,A Unified Technological Infrastructure for Sellers and Buyers,https://docs.wixstatic.com/ugd/76fdf0_00a12522a2d845749fcbc7171b4a838a.pdf,*https://bitcointalk.org/index.php?board=159.0*https://medium.com/@ponsumer*https://www.facebook.com/ponsumer-1905307779729736/*https://ponsumer.slack.com/*https://twitter.com/Ponsumer*https://twitter.com/Ponsumer
TerraMiner,Cryptocurrency Mining Farm,https://docs.wixstatic.com/ugd/76fdf0_00a12522a2d845749fcbc7171b4a838a.pdf,*https://bitcointalk.org/index.php?topic=2174329.msg21801195#msg21801195*https://www.facebook.com/terraminer*https://twitter.com/terraminer_io*https://t.me/terraminer_io_en
REGA,Crowdsurance Platform On Blockchain,https://docs.wixstatic.com/ugd/76fdf0_00a12522a2d845749fcbc7171b4a838a.pdf,*https://bitcointalk.org/index.php?topic=2151094*https://medium.com/@REGA20847530*https://www.facebook.com/regarisksharing*https://github.com/REGA-RS/*https://twitter.com/REGA20847530*https://www.youtube.com/channel/UCf2elu4F1U5hLI60XjL5-1w*https://t.me/RRSOfficialChat
Acuitty,The Global B2B Services Exchange,https://docs.wixstatic.com/ugd/76fdf0_00a12522a2d845749fcbc7171b4a838a.pdf,*https://www.facebook.com/AcuittyICO/*https://www.linkedin.com/company-beta/13398444/admin/overview/*https://twitter.com/Acuittyico*https://youtu.be/CODK9qKNPD0
BIT-X,An open protocol for distributed cryptocurrency exchange based on their own blockchain,https://docs.wixstatic.com/ugd/76fdf0_00a12522a2d845749fcbc7171b4a838a.pdf,*https://bitcointalk.org/index.php?topic=2176201.0*https://twitter.com/bitx_ico
Cryptum,A network of interlinked projects funded by a single token,https://docs.wixstatic.com/ugd/76fdf0_00a12522a2d845749fcbc7171b4a838a.pdf,*https://www.facebook.com/cryptumnetwork/*https://twitter.com/CryptumTokens
Fidcom,Decentralized Investment Company in the sphere of crypto money and blockchain technology,https://docs.wixstatic.com/ugd/76fdf0_00a12522a2d845749fcbc7171b4a838a.pdf,*https://bitcointalk.org/index.php?topic=2180721*https://www.facebook.com/Fidcom-1598716946846558/*https://slackin-aluctkldlo.now.sh/*https://twitter.com/fidcomnet*https://t.me/fidcom
Minerva,Smart Money on the Ethereum blockchain,https://docs.wixstatic.com/ugd/76fdf0_00a12522a2d845749fcbc7171b4a838a.pdf,*https://bitcointalk.org/index.php?topic=2072362*https://facebook.com/minervatoken*https://twitter.com/minervatoken*http://minerva.com/chat
UDIAR,Blockchain-based marketplace of intellectual property turnover,https://docs.wixstatic.com/ugd/76fdf0_00a12522a2d845749fcbc7171b4a838a.pdf,*https://bitcointalk.org/index.php?topic=2192590.40*https://www.facebook.com/UDIAR.NET/*https://github.com/udiar*https://udiar.slack.com/*https://twitter.com/UDIAR_copyright*https://twitter.com/UDIAR_copyright
SGA Consulting,ervice providing trade recommendations for opening/closing positions on the financial markets,https://docs.wixstatic.com/ugd/76fdf0_00a12522a2d845749fcbc7171b4a838a.pdf,*https://www.facebook.com/groups/222155474898273/?ref=bookmarks*https://t.me/sgaico
Synthium Health,The Healthware Marketplace,https://docs.wixstatic.com/ugd/76fdf0_00a12522a2d845749fcbc7171b4a838a.pdf,*https://bitcointalk.org/index.php?topic=2138518.0;all*https://medium.com/@synthiumhealth/synthium-healths-token-generation-event-1f11c82761ed*https://www.facebook.com/synthiumhealth*https://www.linkedin.com/company/synthium-health*https://www.reddit.com/user/synthiumhealth*https://join.slack.com/t/synthiumhealth/shared_invite/MjMxNjE5OTY5MDA5LTE1MDM3NDY4ODItOTAyYzUzYWFiNg*https://twitter.com/SynthiumHealth*https://t.me/synthiumhealth
NOVAcool,An immersion cooling system for home PC (SCAM ALERT!!!),https://docs.wixstatic.com/ugd/76fdf0_00a12522a2d845749fcbc7171b4a838a.pdf,*https://twitter.com/NOVAcool_io*https://twitter.com/NOVAcool_io
iBuildApp Network,Blockchain-based Platform for Mobile Apps and Digital Advertising,https://docs.wixstatic.com/ugd/76fdf0_00a12522a2d845749fcbc7171b4a838a.pdf,*https://bitcointalk.org/index.php?topic=2056105*https://www.facebook.com/ibuildapp/*https://www.reddit.com/user/iBuildAppNetwork/*https://twitter.com/iBuildApp*https://www.youtube.com/user/iBuildApp*https://t.me/joinchat/GcTadURmBic8Tf8KWChhcA
KickCity,Decentralized reward-based community platform,https://docs.wixstatic.com/ugd/76fdf0_00a12522a2d845749fcbc7171b4a838a.pdf,*https://www.facebook.com/KickCityio*https://twitter.com/kickcity_io*https://t.me/joinchat/Bn8u2UGTkwwhX1tWWpGBTw
Auctus,Smart contract powered pension funds,https://docs.wixstatic.com/ugd/76fdf0_00a12522a2d845749fcbc7171b4a838a.pdf,*https://medium.com/auctus*https://www.facebook.com/AuctusProject/*https://github.com/AuctusProject*https://join.slack.com/t/auctus-project/shared_invite/MjM5NTU3NTI5OTA5LTE1MDUxNTkxMjgtZWI2MDY3MGMxNQ*https://twitter.com/AuctusProject
Global Business System,Automatisation of core business processes for enterprises,https://docs.wixstatic.com/ugd/76fdf0_00a12522a2d845749fcbc7171b4a838a.pdf,*https://www.facebook.com/Global-Business-System-193388134533599/*https://twitter.com/GBS_platform*https://t.me/gbsplatform
PAYFAIR,Decentralized escrow platform,https://docs.wixstatic.com/ugd/76fdf0_00a12522a2d845749fcbc7171b4a838a.pdf,*https://bitcointalk.org/payfair*https://www.facebook.com/Payfairio/*https://twitter.com/payfairio*https://t.me/payfair
Cryptaur,Bye-Bye, Mr. Middleman,https://docs.wixstatic.com/ugd/76fdf0_00a12522a2d845749fcbc7171b4a838a.pdf,*https://www.facebook.com/Cryptaur/*https://www.linkedin.com/company/Cryptaur-coaching*https://twitter.com/Cryptaur1
Karma,Global decentralized blockchain-platform where people and companies can interchange to each other,https://docs.wixstatic.com/ugd/76fdf0_00a12522a2d845749fcbc7171b4a838a.pdf,*https://www.facebook.com/karma.blockchain*https://github.com/goognin/karma*https://join.slack.com/t/karma-project/shared_invite/MjE5MTc5NDE5NDg4LTE1MDE0OTYwNDgtYjcwZWI0OThhZA*https://twitter.com/KarmaBlockchain*https://t.me/karmaproject
TripAlly,Platform Offering Mobile Internet,https://docs.wixstatic.com/ugd/76fdf0_00a12522a2d845749fcbc7171b4a838a.pdf,*https://medium.com/@TripAllyWorld*http://www.facebook.com/TripAllyWorld*https://www.reddit.com/user/TripAlly/*http://www.twitter.com/TripAllyWorld*https://icotracker.net/www.youtube.com/channel/UCP0u347p8eqEYbYRrvoOK4A*https://t.me/tripally_en
Goal Bonanza,Blockchain-based Football Betting,https://docs.wixstatic.com/ugd/76fdf0_00a12522a2d845749fcbc7171b4a838a.pdf,*https://www.facebook.com/goalbonanza/*https://github.com/goalbonanza/*https://www.linkedin.com/company/24996762/*https://www.reddit.com/user/goalbonanza*https://goalbonanza.slack.com/*https://twitter.com/goalbonanza*https://t.me/joinchat/FbkvpwsImFz2HcZ9nHBvEQ
LangPie,Blockchain-based Online-translation Platform,https://docs.wixstatic.com/ugd/76fdf0_00a12522a2d845749fcbc7171b4a838a.pdf,*https://bitcointalk.org/index.php?topic=2195039.0*https://medium.com/@LangPie*https://www.facebook.com/langpie.project/*https://langpie.io/soon.html*https://twitter.com/langpie_project*https://t.me/langpie
Blocklancer,Distributed Autonomous Job Market (DAJ) on the Ethereum platform,https://docs.wixstatic.com/ugd/76fdf0_00a12522a2d845749fcbc7171b4a838a.pdf,*https://bitcointalk.org/index.php?topic=1974481.0*https://www.facebook.com/blocklancer*https://www.reddit.com/r/blocklancer*https://twitter.com/blocklancer
OurCoinClassic,Digital Standard for the New, Green Economy,https://docs.wixstatic.com/ugd/76fdf0_00a12522a2d845749fcbc7171b4a838a.pdf,*https://bitcointalk.org/index.php?topic=2063686.0*https://www.facebook.com/OurInterestINC*https://www.linkedin.com/company/ourinterest?trk=top_nav_home*https://twitter.com/OurCoinClassic*https://t.me/joinchat/EGtC2EL6KUIe9CN2308CSQ
Saske,Decentralised Blockchain-based Social Connectivity Platform,https://docs.wixstatic.com/ugd/76fdf0_00a12522a2d845749fcbc7171b4a838a.pdf,
Rados,Investors portal,https://docs.wixstatic.com/ugd/76fdf0_00a12522a2d845749fcbc7171b4a838a.pdf,*https://bitcointalk.org/index.php?topic=2046046*https://steemit.com/@rados*https://twitter.com/rados_io/
SelfPay,International Payment Aggregator,https://docs.wixstatic.com/ugd/76fdf0_00a12522a2d845749fcbc7171b4a838a.pdf,*https://bitcointalk.org/index.php?topic=2178641*https://medium.com/@selfpay/*https://www.facebook.com/selfpayico*https://github.com/SelfPay*https://www.linkedin.com/company/13353484/*https://slack.selfpay.asia/*https://twitter.com/selfpayasia
AdPerks,Decentralized Digital Marketing: Transparent, Anonymous & Rewarding,https://docs.wixstatic.com/ugd/76fdf0_00a12522a2d845749fcbc7171b4a838a.pdf,*https://twitter.com/perktoken*https://www.youtube.com/channel/UCkBfKA-ikM_FMSbeM1KBj4Q
AmberPort,A chain of Duty-free jewelry stores,https://docs.wixstatic.com/ugd/76fdf0_00a12522a2d845749fcbc7171b4a838a.pdf,*https://www.facebook.com/AmberPortio-A-chain-of-Duty-free-jewelry-stores-1663010107056445*https://twitter.com/AmberPort2
U.CASH,A Global P2P Financial Services Network,https://docs.wixstatic.com/ugd/76fdf0_00a12522a2d845749fcbc7171b4a838a.pdf,*https://www.facebook.com/udotcash*https://www.linkedin.com/company/ucash*https://www.reddit.com/r/ucash/*https://twitter.com/udotcash
ETHLend,Decentralised P2P Lending Platfrom build on top of the Ethereum Network,https://docs.wixstatic.com/ugd/76fdf0_00a12522a2d845749fcbc7171b4a838a.pdf,*https://www.facebook.com/EthLend-1848586068794685/*https://www.reddit.com/r/ETHLend/*https://twitter.com/ethlend1*https://www.youtube.com/channel/UCZUFYgrvO7xpxzMjijgqWyQ*https://t.me/ETHLend
VRCOIN,A global franchise of VR game arenas,https://docs.wixstatic.com/ugd/76fdf0_00a12522a2d845749fcbc7171b4a838a.pdf,*https://bitcointalk.org/index.php?topic=2149353.0*https://medium.com/vrcoin*https://www.facebook.com/vrcoin/*https://twitter.com/VRCOIN1*https://t.me/vrcoinico
STASH,Open-source Digital Currency for local and international transactions,https://docs.wixstatic.com/ugd/76fdf0_00a12522a2d845749fcbc7171b4a838a.pdf,*https://www.facebook.com/stashpay.io/*https://join.slack.com/t/stash-talk/shared_invite/MjM0ODQ0MTk3OTg1LTE1MDQzMTYwNTAtM2E5NGJmN2ExNw*https://twitter.com/stashpay
FoodCoin Ecosystem,Global blockchain ecosystem for agriculture and food businesses,https://docs.wixstatic.com/ugd/76fdf0_00a12522a2d845749fcbc7171b4a838a.pdf,*https://bitcointalk.org/index.php?topic=2046949.0*https://medium.com/@Ilianta/all-about-foodcoin-fdc-and-our-platform-c61723b14bbf*https://www.facebook.com/1000ecofarmscom/*https://www.reddit.com/r/altcoin/comments/6pmuuh/all_about_foodcoin_fdc_and_our_platform/*https://t.me/foodcoin_io
Dogezer,Generation platform for software products,https://docs.wixstatic.com/ugd/76fdf0_00a12522a2d845749fcbc7171b4a838a.pdf,*https://bitcointalk.org/index.php?topic=2100916.msg20998981*https://medium.com/@dogezercom*https://facebook.com/Dogezer-776538732528155*https://slackpass.io/dogezer*https://twitter.com/dogezerCom*https://www.youtube.com/channel/UCxaU9UXzG7VvjHhnlmmSmJA*https://t.me/joinchat/GIsWo0PwlZloDen4M7GAxQ
Medicalchain,Platform for secure, fast and transparent exchange and use of medical data,https://docs.wixstatic.com/ugd/76fdf0_00a12522a2d845749fcbc7171b4a838a.pdf,*https://join.slack.com/t/medicalchain/shared_invite/MjI4MzQ4NTk0OTAwLTE1MDMwMTI4NzAtZWVlMTkzMThkOQ*https://icotracker.net/twitter.com/medical_chain*https://t.me/Medicalchain
VISO,Payment System that combines cryptocurrencies and traditional bank cards,https://docs.wixstatic.com/ugd/76fdf0_00a12522a2d845749fcbc7171b4a838a.pdf,*https://bitcointalk.org/index.php?topic=2180444.0*https://www.facebook.com/VISO.payments/*https://www.linkedin.com/company/13411734/*https://visopaymets.herokuapp.com/*https://twitter.com/VISOpayments*https://t.me/VISOeng
REFTOKEN,Decentralized Affiliate Platform,https://docs.wixstatic.com/ugd/76fdf0_00a12522a2d845749fcbc7171b4a838a.pdf,*https://www.facebook.com/RefToken/*https://www.reddit.com/r/RefToken/*https://t.me/RefToken
PayperEx,Alternative share market network, a marketplace where everyone around the world will able to participate,https://docs.wixstatic.com/ugd/76fdf0_00a12522a2d845749fcbc7171b4a838a.pdf,*https://www.facebook.com/payperexnet*https://twitter.com/payperexnet*https://www.youtube.com/channel/UCEaMsM-n7mTsVflGZO7qtWQ
Imprinta,A Global Decentralized High-quality Color Printer Sharing Service for private and business offices,https://docs.wixstatic.com/ugd/76fdf0_00a12522a2d845749fcbc7171b4a838a.pdf,*https://youtu.be/6LBS5FOfa-g
SaltCoin,Ethereum-based commodity cryptocurrency, based on real Salt mining,https://docs.wixstatic.com/ugd/76fdf0_00a12522a2d845749fcbc7171b4a838a.pdf,*https://www.facebook.com/saltcoin*https://twitter.com/saltcoin_ICO*https://t.me/joinchat/EQXoCQk8NoYR9OjX6afzJg
TokenDesk,Direct Token purchase place for all ICOs,https://docs.wixstatic.com/ugd/76fdf0_00a12522a2d845749fcbc7171b4a838a.pdf,*https://medium.com/@TokenDesk*https://www.facebook.com/Tokendesk-295767304231539/*https://www.linkedin.com/company/25044123/*https://twitter.com/tokendesk
AB-CHAIN,An advertising platform for ICO companies with payments in cryptocurrency,https://docs.wixstatic.com/ugd/76fdf0_00a12522a2d845749fcbc7171b4a838a.pdf,*https://medium.com/ab-chain/*https://www.facebook.com/Ab-Chain-897158380440217/*https://www.reddit.com/user/AB-CHAIN/*https://join.slack.com/t/ab-chain/shared_invite/MjQxODcyNDIyNjk0LTE1MDUzNzc1MzAtMTNmMTJhYTc2OA*https://twitter.com/AB_CHAIN*https://www.youtube.com/channel/UCB77_3JHX98Ann4ZpUvb63g/videos*https://t.me/ab_chain
Lordmancer II,The first open-world MMORPG on mobile where players can mine cryptocurrency,https://docs.wixstatic.com/ugd/76fdf0_00a12522a2d845749fcbc7171b4a838a.pdf,*https://www.facebook.com/Lordmancer2/*https://twitter.com/LordmancerI*https://www.youtube.com/channel/UCR7woS5tfu9UBmJObOII5ow*https://t.me/lm2ico
BMChain,Decentralized experience monetization platform,https://docs.wixstatic.com/ugd/76fdf0_00a12522a2d845749fcbc7171b4a838a.pdf,*https://medium.com/@BMCHAIN*https://www.facebook.com/BMChain/*https://twitter.com/BmChain*https://t.me/joinchat/CUBjX0RcRJvwSiUqBwgQEQ
SaharaChain,AI-Driven Cryptocurrency Exchange & Payment Gateway,https://docs.wixstatic.com/ugd/76fdf0_00a12522a2d845749fcbc7171b4a838a.pdf,*https://www.facebook.com/SaharaChain/*https://www.linkedin.com/company/13422071/*https://twitter.com/SaharaChain
DigitX,Digital token and protocol of choice for the decentralised AI and Robotics community,https://docs.wixstatic.com/ugd/76fdf0_00a12522a2d845749fcbc7171b4a838a.pdf,*https://github.com/X-Foundation*https://twitter.com/Digitx_Found
Spotree,Platform that aims to reinvent the security solutions for companies,https://docs.wixstatic.com/ugd/76fdf0_00a12522a2d845749fcbc7171b4a838a.pdf,*https://bitcointalk.org/index.php?topic=2119300*https://www.facebook.com/spotree/*https://www.linkedin.com/company/spotree*https://join.slack.com/t/spotree/shared_invite/MjMwNjAwODA3ODc1LTE1MDM1MDM5MDgtYjE1NDBjMTE2Ng*https://twitter.com/spotree
Webcoin,Waves-based cryptocurrency used for peer-to-peer web and social media exchange services,https://docs.wixstatic.com/ugd/76fdf0_00a12522a2d845749fcbc7171b4a838a.pdf,*https://www.facebook.com/webcoinico/*https://www.linkedin.com/company-beta/18197783/*https://twitter.com/webcointoday*https://www.youtube.com/channel/UCJQzKleduLEjl0cn_qWdWDg
BTCsearch,Blockchain-based Search Engine,https://docs.wixstatic.com/ugd/76fdf0_00a12522a2d845749fcbc7171b4a838a.pdf,*https://www.facebook.com/btcsearch*https://twitter.com/BTCsearch*https://t.me/joinchat/CMHf8EMRvQuce1fv5ouuYw
Digital Currency Index,Index of the top market cap cryptocurrencies that show long term sustainability,https://docs.wixstatic.com/ugd/76fdf0_00a12522a2d845749fcbc7171b4a838a.pdf,*https://www.facebook.com/digitalcurrencyindex/*https://github.com/DigitalCurrencyIndex/XIC*https://www.reddit.com/r/DigitalCurrencyIndex/*https://twitter.com/DCI_Updates
BTCWALL,The secure storage project for bitcoins and their owners information,https://docs.wixstatic.com/ugd/76fdf0_00a12522a2d845749fcbc7171b4a838a.pdf,*https://bitcointalk.org/index.php?topic=2155168*https://btcwall.slack.com/join/shared_invite/MjI5NzY4MTMyNTI4LTE1MDM0NzE3NDUtODMzYzVmZDhlZg*https://twitter.com/btcwall*https://www.youtube.com/channel/UCybHHD6mPD_lt-JLP66YvOw*https://t.me/joinchat/E1xbSAtny4NewcUF1waTwg
POPEIE,Channel for non-profit associations with blockchain technology,https://docs.wixstatic.com/ugd/76fdf0_00a12522a2d845749fcbc7171b4a838a.pdf,*https://www.facebook.com/popeietoken
Multicoin,Cryptocurrency Investment Platform,https://docs.wixstatic.com/ugd/76fdf0_00a12522a2d845749fcbc7171b4a838a.pdf,
Crypto Improvement Fund,Incentive program rewarding cryptocurrency adoption,https://docs.wixstatic.com/ugd/76fdf0_00a12522a2d845749fcbc7171b4a838a.pdf,*https://bitcointalk.org/index.php?topic=2075838.0*http://www.facebook.com/cryptoimprovementfund/*https://twitter.com/AdminCIF
Asset Token,Transferrable Credit Card Rewards Point Token,https://docs.wixstatic.com/ugd/76fdf0_00a12522a2d845749fcbc7171b4a838a.pdf,*https://www.facebook.com/assettoken/*https://twitter.com/AssetToken*https://www.youtube.com/channel/UCmjN3A6bq0xFosI0Jb6KPKg*https://t.me/assettoken
Moldcoin,Game Platform Based on Decentralized Smart Contract,https://docs.wixstatic.com/ugd/76fdf0_00a12522a2d845749fcbc7171b4a838a.pdf,*https://www.facebook.com/moldpress/?fref=ts*https://github.com/moldcoin*https://join.slack.com/t/moldgames/shared_invite/MjEzMTU0NDgzMTQxLTE1MDAwNDYwMTAtNjI5ZTc1ODU0MA*https://twitter.com/MOLD_games*http://moldcoin.jp/soon_en.html
Wireline,Open-Source developer fund to invest in great cloud-computing projects,https://docs.wixstatic.com/ugd/76fdf0_00a12522a2d845749fcbc7171b4a838a.pdf,*https://www.wireline.io/#/slack*http://www.twitter.com/wirelineio*https://t.me/wireline_ico_group
Electronic Bill System,Decentralized Investment Platform,https://docs.wixstatic.com/ugd/76fdf0_00a12522a2d845749fcbc7171b4a838a.pdf,*https://www.facebook.com/ICO-E-Veksel-ENG-117700902289513/*https://icoe-veksel.slack.com/*https://twitter.com/IcoVeksel*https://www.youtube.com/channel/UCfIYh98MaT62Y1FAonuW3gg*https://t.me/E_Veksel_ico
The Memessenger,Messenger- Without words project,https://docs.wixstatic.com/ugd/76fdf0_00a12522a2d845749fcbc7171b4a838a.pdf,*https://bitcointalk.org/index.php?topic=2043022*https://www.facebook.com/groups/151410965408669/*https://thememessenger.slack.com/*https://twitter.com/TheMemessenger*https://t.me/ico_thememe
Deco,A Protocol based on multi-signature transaction model,https://docs.wixstatic.com/ugd/76fdf0_00a12522a2d845749fcbc7171b4a838a.pdf,
EOS,Decentralize Everything,https://docs.wixstatic.com/ugd/76fdf0_00a12522a2d845749fcbc7171b4a838a.pdf,*https://steemit.com/trending/eos*https://www.facebook.com/eosblockchain*http://github.com/eosio*http://slack.eos.io/*http://twitter.com/eos_io*http://eos.io/chat
GMP PROJECT,An international project for creating a network of metrological centers and clusters,https://docs.wixstatic.com/ugd/76fdf0_00a12522a2d845749fcbc7171b4a838a.pdf,*https://bitcointalk.org/index.php?topic=2187375*https://www.facebook.com/gmpcoin*https://twitter.com/GMP_Project*https://t.me/GMPprojectchateng
BANER,International business social network and trading platform,https://docs.wixstatic.com/ugd/76fdf0_00a12522a2d845749fcbc7171b4a838a.pdf,*https://bitcointalk.org/index.php?topic=2073446*https://medium.com/@BanerCommunity*https://www.facebook.com/Baner-Community-ENG-1937595433120682/*https://www.reddit.com/user/baner_platform/*https://banercommunity.slack.com/join/shared_invite/MjE2ODQzODA4ODA0LTE1MDA5MDQyMTctMTBkYTg4ZmIyZA*https://twitter.com/BanerCommENG*https://t.me/BanerCommunityENG
Blind Croupier,B2B Solution for Launching Blockchain-Casino,https://docs.wixstatic.com/ugd/76fdf0_00a12522a2d845749fcbc7171b4a838a.pdf,*https://github.com/BlindCroupier/*https://twitter.com/BlindCroupier*https://t.me/blindcroupier






